participant	condition	fac_1	fac_2	rating	item	context	f1_BAD_0auch_m	f2_BAD_1auch_f	f3_bad_0auch_f	f4_bad_1auch_m	f5_GOOD_1auch_f	f6_GOOD_1auch_m	f7_GOOD_0auch_m	f8_GOOD_1auch_f	f9_good_1auch_f	f10_good_1auch_m	f11_good_0auch_f	f12_good_1auch_m	f13_good_0auch_f	f14_good_1auch_m	f15_good_0auch_m	f16_good_1auch_f
75	cd1_ass_+n	ass	+n	1	17_cd1_ct05	ct05	1	1	5	5	6	6	5	6	6	5	6	5	6	6	1	1
75	cd1_ass_+n	ass	+n	5	53_cd1_ct14	ct14	1	1	5	5	6	6	5	6	6	5	6	5	6	6	1	1
75	cd2_ass_-n	ass	-n	1	10_cd2_ct03	ct03	1	1	5	5	6	6	5	6	6	5	6	5	6	6	1	1
75	cd2_ass_-n	ass	-n	2	46_cd2_ct12	ct12	1	1	5	5	6	6	5	6	6	5	6	5	6	6	1	1
75	cd3_com_+n	com	+n	6	3_cd3_ct01	ct01	1	1	5	5	6	6	5	6	6	5	6	5	6	6	1	1
75	cd3_com_+n	com	+n	1	39_cd3_ct10	ct10	1	1	5	5	6	6	5	6	6	5	6	5	6	6	1	1
75	cd4_com_-n	com	-n	6	32_cd4_ct08	ct08	1	1	5	5	6	6	5	6	6	5	6	5	6	6	1	1
75	cd4_com_-n	com	-n	6	60_cd4_ct15	ct15	1	1	5	5	6	6	5	6	6	5	6	5	6	6	1	1
79	cd1_ass_+n	ass	+n	5	5_cd1_ct02	ct02	1	1	1	1	6	6	5	6	1	6	6	5	6	6	3	3
79	cd1_ass_+n	ass	+n	5	33_cd1_ct09	ct09	1	1	1	1	6	6	5	6	1	6	6	5	6	6	3	3
79	cd2_ass_-n	ass	-n	1	26_cd2_ct07	ct07	1	1	1	1	6	6	5	6	1	6	6	5	6	6	3	3
79	cd2_ass_-n	ass	-n	4	62_cd2_ct16	ct16	1	1	1	1	6	6	5	6	1	6	6	5	6	6	3	3
79	cd3_com_+n	com	+n	5	19_cd3_ct05	ct05	1	1	1	1	6	6	5	6	1	6	6	5	6	6	3	3
79	cd3_com_+n	com	+n	3	55_cd3_ct14	ct14	1	1	1	1	6	6	5	6	1	6	6	5	6	6	3	3
79	cd4_com_-n	com	-n	6	12_cd4_ct03	ct03	1	1	1	1	6	6	5	6	1	6	6	5	6	6	3	3
79	cd4_com_-n	com	-n	6	48_cd4_ct12	ct12	1	1	1	1	6	6	5	6	1	6	6	5	6	6	3	3
80	cd1_ass_+n	ass	+n	1	17_cd1_ct05	ct05	1	6	1	1	6	6	6	6	6	6	6	6	6	6	6	6
80	cd1_ass_+n	ass	+n	1	53_cd1_ct14	ct14	1	6	1	1	6	6	6	6	6	6	6	6	6	6	6	6
80	cd2_ass_-n	ass	-n	1	10_cd2_ct03	ct03	1	6	1	1	6	6	6	6	6	6	6	6	6	6	6	6
80	cd2_ass_-n	ass	-n	1	46_cd2_ct12	ct12	1	6	1	1	6	6	6	6	6	6	6	6	6	6	6	6
80	cd3_com_+n	com	+n	6	3_cd3_ct01	ct01	1	6	1	1	6	6	6	6	6	6	6	6	6	6	6	6
80	cd3_com_+n	com	+n	6	39_cd3_ct10	ct10	1	6	1	1	6	6	6	6	6	6	6	6	6	6	6	6
80	cd4_com_-n	com	-n	6	32_cd4_ct08	ct08	1	6	1	1	6	6	6	6	6	6	6	6	6	6	6	6
80	cd4_com_-n	com	-n	3	60_cd4_ct15	ct15	1	6	1	1	6	6	6	6	6	6	6	6	6	6	6	6
82	cd1_ass_+n	ass	+n	1	5_cd1_ct02	ct02	1	1	1	1	6	6	5	6	6	6	6	6	6	6	6	6
82	cd1_ass_+n	ass	+n	1	33_cd1_ct09	ct09	1	1	1	1	6	6	5	6	6	6	6	6	6	6	6	6
82	cd2_ass_-n	ass	-n	1	26_cd2_ct07	ct07	1	1	1	1	6	6	5	6	6	6	6	6	6	6	6	6
82	cd2_ass_-n	ass	-n	1	62_cd2_ct16	ct16	1	1	1	1	6	6	5	6	6	6	6	6	6	6	6	6
82	cd3_com_+n	com	+n	3	19_cd3_ct05	ct05	1	1	1	1	6	6	5	6	6	6	6	6	6	6	6	6
82	cd3_com_+n	com	+n	2	55_cd3_ct14	ct14	1	1	1	1	6	6	5	6	6	6	6	6	6	6	6	6
82	cd4_com_-n	com	-n	4	12_cd4_ct03	ct03	1	1	1	1	6	6	5	6	6	6	6	6	6	6	6	6
82	cd4_com_-n	com	-n	6	48_cd4_ct12	ct12	1	1	1	1	6	6	5	6	6	6	6	6	6	6	6	6
83	cd1_ass_+n	ass	+n	1	29_cd1_ct08	ct08	2	1	1	1	6	6	6	6	6	5	5	5	4	5	6	6
83	cd1_ass_+n	ass	+n	1	57_cd1_ct15	ct15	2	1	1	1	6	6	6	6	6	5	5	5	4	5	6	6
83	cd2_ass_-n	ass	-n	1	22_cd2_ct06	ct06	2	1	1	1	6	6	6	6	6	5	5	5	4	5	6	6
83	cd2_ass_-n	ass	-n	1	50_cd2_ct13	ct13	2	1	1	1	6	6	6	6	6	5	5	5	4	5	6	6
83	cd3_com_+n	com	+n	3	15_cd3_ct04	ct04	2	1	1	1	6	6	6	6	6	5	5	5	4	5	6	6
83	cd3_com_+n	com	+n	6	43_cd3_ct11	ct11	2	1	1	1	6	6	6	6	6	5	5	5	4	5	6	6
83	cd4_com_-n	com	-n	6	8_cd4_ct02	ct02	2	1	1	1	6	6	6	6	6	5	5	5	4	5	6	6
83	cd4_com_-n	com	-n	4	36_cd4_ct09	ct09	2	1	1	1	6	6	6	6	6	5	5	5	4	5	6	6
86	cd1_ass_+n	ass	+n	1	13_cd1_ct04	ct04	1	1	1	1	6	5	6	5	6	6	6	1	6	6	6	6
86	cd1_ass_+n	ass	+n	2	41_cd1_ct11	ct11	1	1	1	1	6	5	6	5	6	6	6	1	6	6	6	6
86	cd2_ass_-n	ass	-n	1	6_cd2_ct02	ct02	1	1	1	1	6	5	6	5	6	6	6	1	6	6	6	6
86	cd2_ass_-n	ass	-n	1	34_cd2_ct09	ct09	1	1	1	1	6	5	6	5	6	6	6	1	6	6	6	6
86	cd3_com_+n	com	+n	5	27_cd3_ct07	ct07	1	1	1	1	6	5	6	5	6	6	6	1	6	6	6	6
86	cd3_com_+n	com	+n	2	63_cd3_ct16	ct16	1	1	1	1	6	5	6	5	6	6	6	1	6	6	6	6
86	cd4_com_-n	com	-n	6	20_cd4_ct05	ct05	1	1	1	1	6	5	6	5	6	6	6	1	6	6	6	6
86	cd4_com_-n	com	-n	6	56_cd4_ct14	ct14	1	1	1	1	6	5	6	5	6	6	6	1	6	6	6	6
87	cd1_ass_+n	ass	+n	1	29_cd1_ct08	ct08	2	3	1	1	5	6	6	5	5	6	6	6	6	6	6	4
87	cd1_ass_+n	ass	+n	1	57_cd1_ct15	ct15	2	3	1	1	5	6	6	5	5	6	6	6	6	6	6	4
87	cd2_ass_-n	ass	-n	1	22_cd2_ct06	ct06	2	3	1	1	5	6	6	5	5	6	6	6	6	6	6	4
87	cd2_ass_-n	ass	-n	1	50_cd2_ct13	ct13	2	3	1	1	5	6	6	5	5	6	6	6	6	6	6	4
87	cd3_com_+n	com	+n	6	15_cd3_ct04	ct04	2	3	1	1	5	6	6	5	5	6	6	6	6	6	6	4
87	cd3_com_+n	com	+n	6	43_cd3_ct11	ct11	2	3	1	1	5	6	6	5	5	6	6	6	6	6	6	4
87	cd4_com_-n	com	-n	6	8_cd4_ct02	ct02	2	3	1	1	5	6	6	5	5	6	6	6	6	6	6	4
87	cd4_com_-n	com	-n	6	36_cd4_ct09	ct09	2	3	1	1	5	6	6	5	5	6	6	6	6	6	6	4
88	cd1_ass_+n	ass	+n	1	13_cd1_ct04	ct04	1	6	6	6	6	6	6	6	6	6	6	1	6	1	6	6
88	cd1_ass_+n	ass	+n	1	41_cd1_ct11	ct11	1	6	6	6	6	6	6	6	6	6	6	1	6	1	6	6
88	cd2_ass_-n	ass	-n	1	6_cd2_ct02	ct02	1	6	6	6	6	6	6	6	6	6	6	1	6	1	6	6
88	cd2_ass_-n	ass	-n	1	34_cd2_ct09	ct09	1	6	6	6	6	6	6	6	6	6	6	1	6	1	6	6
88	cd3_com_+n	com	+n	6	27_cd3_ct07	ct07	1	6	6	6	6	6	6	6	6	6	6	1	6	1	6	6
88	cd3_com_+n	com	+n	6	63_cd3_ct16	ct16	1	6	6	6	6	6	6	6	6	6	6	1	6	1	6	6
88	cd4_com_-n	com	-n	6	20_cd4_ct05	ct05	1	6	6	6	6	6	6	6	6	6	6	1	6	1	6	6
88	cd4_com_-n	com	-n	6	56_cd4_ct14	ct14	1	6	6	6	6	6	6	6	6	6	6	1	6	1	6	6
89	cd1_ass_+n	ass	+n	1	5_cd1_ct02	ct02	1	1	6	6	6	6	1	6	6	6	6	1	6	1	6	6
89	cd1_ass_+n	ass	+n	1	33_cd1_ct09	ct09	1	1	6	6	6	6	1	6	6	6	6	1	6	1	6	6
89	cd2_ass_-n	ass	-n	1	26_cd2_ct07	ct07	1	1	6	6	6	6	1	6	6	6	6	1	6	1	6	6
89	cd2_ass_-n	ass	-n	1	62_cd2_ct16	ct16	1	1	6	6	6	6	1	6	6	6	6	1	6	1	6	6
89	cd3_com_+n	com	+n	6	19_cd3_ct05	ct05	1	1	6	6	6	6	1	6	6	6	6	1	6	1	6	6
89	cd3_com_+n	com	+n	6	55_cd3_ct14	ct14	1	1	6	6	6	6	1	6	6	6	6	1	6	1	6	6
89	cd4_com_-n	com	-n	6	12_cd4_ct03	ct03	1	1	6	6	6	6	1	6	6	6	6	1	6	1	6	6
89	cd4_com_-n	com	-n	6	48_cd4_ct12	ct12	1	1	6	6	6	6	1	6	6	6	6	1	6	1	6	6
90	cd1_ass_+n	ass	+n	1	5_cd1_ct02	ct02	1	1	1	1	6	6	6	6	6	6	6	4	4	4	6	6
90	cd1_ass_+n	ass	+n	1	33_cd1_ct09	ct09	1	1	1	1	6	6	6	6	6	6	6	4	4	4	6	6
90	cd2_ass_-n	ass	-n	1	26_cd2_ct07	ct07	1	1	1	1	6	6	6	6	6	6	6	4	4	4	6	6
90	cd2_ass_-n	ass	-n	1	62_cd2_ct16	ct16	1	1	1	1	6	6	6	6	6	6	6	4	4	4	6	6
90	cd3_com_+n	com	+n	5	19_cd3_ct05	ct05	1	1	1	1	6	6	6	6	6	6	6	4	4	4	6	6
90	cd3_com_+n	com	+n	5	55_cd3_ct14	ct14	1	1	1	1	6	6	6	6	6	6	6	4	4	4	6	6
90	cd4_com_-n	com	-n	6	12_cd4_ct03	ct03	1	1	1	1	6	6	6	6	6	6	6	4	4	4	6	6
90	cd4_com_-n	com	-n	6	48_cd4_ct12	ct12	1	1	1	1	6	6	6	6	6	6	6	4	4	4	6	6
92	cd1_ass_+n	ass	+n	3	13_cd1_ct04	ct04	1	1	5	2	6	3	5	5	5	6	5	3	2	5	1	1
92	cd1_ass_+n	ass	+n	4	41_cd1_ct11	ct11	1	1	5	2	6	3	5	5	5	6	5	3	2	5	1	1
92	cd2_ass_-n	ass	-n	6	6_cd2_ct02	ct02	1	1	5	2	6	3	5	5	5	6	5	3	2	5	1	1
92	cd2_ass_-n	ass	-n	5	34_cd2_ct09	ct09	1	1	5	2	6	3	5	5	5	6	5	3	2	5	1	1
92	cd3_com_+n	com	+n	3	27_cd3_ct07	ct07	1	1	5	2	6	3	5	5	5	6	5	3	2	5	1	1
92	cd3_com_+n	com	+n	4	63_cd3_ct16	ct16	1	1	5	2	6	3	5	5	5	6	5	3	2	5	1	1
92	cd4_com_-n	com	-n	3	20_cd4_ct05	ct05	1	1	5	2	6	3	5	5	5	6	5	3	2	5	1	1
92	cd4_com_-n	com	-n	5	56_cd4_ct14	ct14	1	1	5	2	6	3	5	5	5	6	5	3	2	5	1	1
102	cd1_ass_+n	ass	+n	4	29_cd1_ct08	ct08	2	3	5	4	6	6	6	5	6	6	5	6	6	1	4	4
102	cd1_ass_+n	ass	+n	3	57_cd1_ct15	ct15	2	3	5	4	6	6	6	5	6	6	5	6	6	1	4	4
102	cd2_ass_-n	ass	-n	4	22_cd2_ct06	ct06	2	3	5	4	6	6	6	5	6	6	5	6	6	1	4	4
102	cd2_ass_-n	ass	-n	3	50_cd2_ct13	ct13	2	3	5	4	6	6	6	5	6	6	5	6	6	1	4	4
102	cd3_com_+n	com	+n	5	15_cd3_ct04	ct04	2	3	5	4	6	6	6	5	6	6	5	6	6	1	4	4
102	cd3_com_+n	com	+n	6	43_cd3_ct11	ct11	2	3	5	4	6	6	6	5	6	6	5	6	6	1	4	4
102	cd4_com_-n	com	-n	6	8_cd4_ct02	ct02	2	3	5	4	6	6	6	5	6	6	5	6	6	1	4	4
102	cd4_com_-n	com	-n	5	36_cd4_ct09	ct09	2	3	5	4	6	6	6	5	6	6	5	6	6	1	4	4
103	cd1_ass_+n	ass	+n	5	5_cd1_ct02	ct02	1	1	1	1	6	6	6	5	5	4	5	5	5	5	2	2
103	cd1_ass_+n	ass	+n	2	33_cd1_ct09	ct09	1	1	1	1	6	6	6	5	5	4	5	5	5	5	2	2
103	cd2_ass_-n	ass	-n	2	26_cd2_ct07	ct07	1	1	1	1	6	6	6	5	5	4	5	5	5	5	2	2
103	cd2_ass_-n	ass	-n	1	62_cd2_ct16	ct16	1	1	1	1	6	6	6	5	5	4	5	5	5	5	2	2
103	cd3_com_+n	com	+n	2	19_cd3_ct05	ct05	1	1	1	1	6	6	6	5	5	4	5	5	5	5	2	2
103	cd3_com_+n	com	+n	2	55_cd3_ct14	ct14	1	1	1	1	6	6	6	5	5	4	5	5	5	5	2	2
103	cd4_com_-n	com	-n	5	12_cd4_ct03	ct03	1	1	1	1	6	6	6	5	5	4	5	5	5	5	2	2
103	cd4_com_-n	com	-n	5	48_cd4_ct12	ct12	1	1	1	1	6	6	6	5	5	4	5	5	5	5	2	2
104	cd1_ass_+n	ass	+n	2	25_cd1_ct07	ct07	2	3	3	3	6	4	2	3	5	4	6	5	5	2	2	5
104	cd1_ass_+n	ass	+n	2	61_cd1_ct16	ct16	2	3	3	3	6	4	2	3	5	4	6	5	5	2	2	5
104	cd2_ass_-n	ass	-n	2	18_cd2_ct05	ct05	2	3	3	3	6	4	2	3	5	4	6	5	5	2	2	5
104	cd2_ass_-n	ass	-n	1	54_cd2_ct14	ct14	2	3	3	3	6	4	2	3	5	4	6	5	5	2	2	5
104	cd3_com_+n	com	+n	5	11_cd3_ct03	ct03	2	3	3	3	6	4	2	3	5	4	6	5	5	2	2	5
104	cd3_com_+n	com	+n	5	47_cd3_ct12	ct12	2	3	3	3	6	4	2	3	5	4	6	5	5	2	2	5
104	cd4_com_-n	com	-n	2	4_cd4_ct01	ct01	2	3	3	3	6	4	2	3	5	4	6	5	5	2	2	5
104	cd4_com_-n	com	-n	4	40_cd4_ct10	ct10	2	3	3	3	6	4	2	3	5	4	6	5	5	2	2	5
106	cd1_ass_+n	ass	+n	2	17_cd1_ct05	ct05	1	1	1	1	6	6	6	6	4	2	6	6	6	5	5	6
106	cd1_ass_+n	ass	+n	1	53_cd1_ct14	ct14	1	1	1	1	6	6	6	6	4	2	6	6	6	5	5	6
106	cd2_ass_-n	ass	-n	1	10_cd2_ct03	ct03	1	1	1	1	6	6	6	6	4	2	6	6	6	5	5	6
106	cd2_ass_-n	ass	-n	1	46_cd2_ct12	ct12	1	1	1	1	6	6	6	6	4	2	6	6	6	5	5	6
106	cd3_com_+n	com	+n	2	3_cd3_ct01	ct01	1	1	1	1	6	6	6	6	4	2	6	6	6	5	5	6
106	cd3_com_+n	com	+n	2	39_cd3_ct10	ct10	1	1	1	1	6	6	6	6	4	2	6	6	6	5	5	6
106	cd4_com_-n	com	-n	2	32_cd4_ct08	ct08	1	1	1	1	6	6	6	6	4	2	6	6	6	5	5	6
106	cd4_com_-n	com	-n	2	60_cd4_ct15	ct15	1	1	1	1	6	6	6	6	4	2	6	6	6	5	5	6
107	cd1_ass_+n	ass	+n	5	5_cd1_ct02	ct02	1	1	1	1	6	6	6	6	6	6	6	1	6	1	6	3
107	cd1_ass_+n	ass	+n	6	33_cd1_ct09	ct09	1	1	1	1	6	6	6	6	6	6	6	1	6	1	6	3
107	cd2_ass_-n	ass	-n	6	26_cd2_ct07	ct07	1	1	1	1	6	6	6	6	6	6	6	1	6	1	6	3
107	cd2_ass_-n	ass	-n	2	62_cd2_ct16	ct16	1	1	1	1	6	6	6	6	6	6	6	1	6	1	6	3
107	cd3_com_+n	com	+n	1	19_cd3_ct05	ct05	1	1	1	1	6	6	6	6	6	6	6	1	6	1	6	3
107	cd3_com_+n	com	+n	4	55_cd3_ct14	ct14	1	1	1	1	6	6	6	6	6	6	6	1	6	1	6	3
107	cd4_com_-n	com	-n	1	12_cd4_ct03	ct03	1	1	1	1	6	6	6	6	6	6	6	1	6	1	6	3
107	cd4_com_-n	com	-n	6	48_cd4_ct12	ct12	1	1	1	1	6	6	6	6	6	6	6	1	6	1	6	3
108	cd1_ass_+n	ass	+n	1	13_cd1_ct04	ct04	1	1	1	1	6	6	5	4	4	5	2	2	5	4	5	5
108	cd1_ass_+n	ass	+n	2	41_cd1_ct11	ct11	1	1	1	1	6	6	5	4	4	5	2	2	5	4	5	5
108	cd2_ass_-n	ass	-n	1	6_cd2_ct02	ct02	1	1	1	1	6	6	5	4	4	5	2	2	5	4	5	5
108	cd2_ass_-n	ass	-n	1	34_cd2_ct09	ct09	1	1	1	1	6	6	5	4	4	5	2	2	5	4	5	5
108	cd3_com_+n	com	+n	4	27_cd3_ct07	ct07	1	1	1	1	6	6	5	4	4	5	2	2	5	4	5	5
108	cd3_com_+n	com	+n	5	63_cd3_ct16	ct16	1	1	1	1	6	6	5	4	4	5	2	2	5	4	5	5
108	cd4_com_-n	com	-n	5	20_cd4_ct05	ct05	1	1	1	1	6	6	5	4	4	5	2	2	5	4	5	5
108	cd4_com_-n	com	-n	5	56_cd4_ct14	ct14	1	1	1	1	6	6	5	4	4	5	2	2	5	4	5	5
109	cd1_ass_+n	ass	+n	5	21_cd1_ct06	ct06	1	6	1	1	6	6	5	5	6	6	6	6	6	6	6	6
109	cd1_ass_+n	ass	+n	2	49_cd1_ct13	ct13	1	6	1	1	6	6	5	5	6	6	6	6	6	6	6	6
109	cd2_ass_-n	ass	-n	5	14_cd2_ct04	ct04	1	6	1	1	6	6	5	5	6	6	6	6	6	6	6	6
109	cd2_ass_-n	ass	-n	6	42_cd2_ct11	ct11	1	6	1	1	6	6	5	5	6	6	6	6	6	6	6	6
109	cd3_com_+n	com	+n	6	7_cd3_ct02	ct02	1	6	1	1	6	6	5	5	6	6	6	6	6	6	6	6
109	cd3_com_+n	com	+n	5	35_cd3_ct09	ct09	1	6	1	1	6	6	5	5	6	6	6	6	6	6	6	6
109	cd4_com_-n	com	-n	6	28_cd4_ct07	ct07	1	6	1	1	6	6	5	5	6	6	6	6	6	6	6	6
109	cd4_com_-n	com	-n	3	64_cd4_ct16	ct16	1	6	1	1	6	6	5	5	6	6	6	6	6	6	6	6
113	cd1_ass_+n	ass	+n	4	17_cd1_ct05	ct05	5	5	5	5	6	6	6	6	5	5	6	6	6	6	6	6
113	cd1_ass_+n	ass	+n	4	53_cd1_ct14	ct14	5	5	5	5	6	6	6	6	5	5	6	6	6	6	6	6
113	cd2_ass_-n	ass	-n	5	10_cd2_ct03	ct03	5	5	5	5	6	6	6	6	5	5	6	6	6	6	6	6
113	cd2_ass_-n	ass	-n	5	46_cd2_ct12	ct12	5	5	5	5	6	6	6	6	5	5	6	6	6	6	6	6
113	cd3_com_+n	com	+n	6	3_cd3_ct01	ct01	5	5	5	5	6	6	6	6	5	5	6	6	6	6	6	6
113	cd3_com_+n	com	+n	5	39_cd3_ct10	ct10	5	5	5	5	6	6	6	6	5	5	6	6	6	6	6	6
113	cd4_com_-n	com	-n	5	32_cd4_ct08	ct08	5	5	5	5	6	6	6	6	5	5	6	6	6	6	6	6
113	cd4_com_-n	com	-n	5	60_cd4_ct15	ct15	5	5	5	5	6	6	6	6	5	5	6	6	6	6	6	6
118	cd1_ass_+n	ass	+n	1	29_cd1_ct08	ct08	1	1	1	1	6	6	6	6	6	5	6	4	6	3	4	4
118	cd1_ass_+n	ass	+n	1	57_cd1_ct15	ct15	1	1	1	1	6	6	6	6	6	5	6	4	6	3	4	4
118	cd2_ass_-n	ass	-n	1	22_cd2_ct06	ct06	1	1	1	1	6	6	6	6	6	5	6	4	6	3	4	4
118	cd2_ass_-n	ass	-n	1	50_cd2_ct13	ct13	1	1	1	1	6	6	6	6	6	5	6	4	6	3	4	4
118	cd3_com_+n	com	+n	1	15_cd3_ct04	ct04	1	1	1	1	6	6	6	6	6	5	6	4	6	3	4	4
118	cd3_com_+n	com	+n	5	43_cd3_ct11	ct11	1	1	1	1	6	6	6	6	6	5	6	4	6	3	4	4
118	cd4_com_-n	com	-n	4	8_cd4_ct02	ct02	1	1	1	1	6	6	6	6	6	5	6	4	6	3	4	4
118	cd4_com_-n	com	-n	5	36_cd4_ct09	ct09	1	1	1	1	6	6	6	6	6	5	6	4	6	3	4	4
129	cd1_ass_+n	ass	+n	3	29_cd1_ct08	ct08	2	2	3	2	6	4	5	6	6	2	5	5	5	6	5	5
129	cd1_ass_+n	ass	+n	3	57_cd1_ct15	ct15	2	2	3	2	6	4	5	6	6	2	5	5	5	6	5	5
129	cd2_ass_-n	ass	-n	5	22_cd2_ct06	ct06	2	2	3	2	6	4	5	6	6	2	5	5	5	6	5	5
129	cd2_ass_-n	ass	-n	3	50_cd2_ct13	ct13	2	2	3	2	6	4	5	6	6	2	5	5	5	6	5	5
129	cd3_com_+n	com	+n	5	15_cd3_ct04	ct04	2	2	3	2	6	4	5	6	6	2	5	5	5	6	5	5
129	cd3_com_+n	com	+n	5	43_cd3_ct11	ct11	2	2	3	2	6	4	5	6	6	2	5	5	5	6	5	5
129	cd4_com_-n	com	-n	6	8_cd4_ct02	ct02	2	2	3	2	6	4	5	6	6	2	5	5	5	6	5	5
129	cd4_com_-n	com	-n	5	36_cd4_ct09	ct09	2	2	3	2	6	4	5	6	6	2	5	5	5	6	5	5
137	cd1_ass_+n	ass	+n	1	5_cd1_ct02	ct02	1	1	1	1	6	6	6	6	6	1	6	6	6	6	1	6
137	cd1_ass_+n	ass	+n	1	33_cd1_ct09	ct09	1	1	1	1	6	6	6	6	6	1	6	6	6	6	1	6
137	cd2_ass_-n	ass	-n	1	26_cd2_ct07	ct07	1	1	1	1	6	6	6	6	6	1	6	6	6	6	1	6
137	cd2_ass_-n	ass	-n	2	62_cd2_ct16	ct16	1	1	1	1	6	6	6	6	6	1	6	6	6	6	1	6
137	cd3_com_+n	com	+n	3	19_cd3_ct05	ct05	1	1	1	1	6	6	6	6	6	1	6	6	6	6	1	6
137	cd3_com_+n	com	+n	1	55_cd3_ct14	ct14	1	1	1	1	6	6	6	6	6	1	6	6	6	6	1	6
137	cd4_com_-n	com	-n	6	12_cd4_ct03	ct03	1	1	1	1	6	6	6	6	6	1	6	6	6	6	1	6
137	cd4_com_-n	com	-n	6	48_cd4_ct12	ct12	1	1	1	1	6	6	6	6	6	1	6	6	6	6	1	6
144	cd1_ass_+n	ass	+n	1	1_cd1_ct01	ct01	1	1	2	1	6	6	6	6	5	4	6	6	5	4	5	5
144	cd1_ass_+n	ass	+n	1	37_cd1_ct10	ct10	1	1	2	1	6	6	6	6	5	4	6	6	5	4	5	5
144	cd2_ass_-n	ass	-n	1	30_cd2_ct08	ct08	1	1	2	1	6	6	6	6	5	4	6	6	5	4	5	5
144	cd2_ass_-n	ass	-n	3	58_cd2_ct15	ct15	1	1	2	1	6	6	6	6	5	4	6	6	5	4	5	5
144	cd3_com_+n	com	+n	5	23_cd3_ct06	ct06	1	1	2	1	6	6	6	6	5	4	6	6	5	4	5	5
144	cd3_com_+n	com	+n	2	51_cd3_ct13	ct13	1	1	2	1	6	6	6	6	5	4	6	6	5	4	5	5
144	cd4_com_-n	com	-n	5	16_cd4_ct04	ct04	1	1	2	1	6	6	6	6	5	4	6	6	5	4	5	5
144	cd4_com_-n	com	-n	5	44_cd4_ct11	ct11	1	1	2	1	6	6	6	6	5	4	6	6	5	4	5	5
146	cd1_ass_+n	ass	+n	2	1_cd1_ct01	ct01	1	3	2	2	6	6	6	6	6	5	6	3	3	5	3	2
146	cd1_ass_+n	ass	+n	3	37_cd1_ct10	ct10	1	3	2	2	6	6	6	6	6	5	6	3	3	5	3	2
146	cd2_ass_-n	ass	-n	1	30_cd2_ct08	ct08	1	3	2	2	6	6	6	6	6	5	6	3	3	5	3	2
146	cd2_ass_-n	ass	-n	2	58_cd2_ct15	ct15	1	3	2	2	6	6	6	6	6	5	6	3	3	5	3	2
146	cd3_com_+n	com	+n	6	23_cd3_ct06	ct06	1	3	2	2	6	6	6	6	6	5	6	3	3	5	3	2
146	cd3_com_+n	com	+n	5	51_cd3_ct13	ct13	1	3	2	2	6	6	6	6	6	5	6	3	3	5	3	2
146	cd4_com_-n	com	-n	5	16_cd4_ct04	ct04	1	3	2	2	6	6	6	6	6	5	6	3	3	5	3	2
146	cd4_com_-n	com	-n	6	44_cd4_ct11	ct11	1	3	2	2	6	6	6	6	6	5	6	3	3	5	3	2
150	cd1_ass_+n	ass	+n	2	21_cd1_ct06	ct06	3	5	2	2	6	6	6	6	6	6	6	6	6	6	6	5
150	cd1_ass_+n	ass	+n	1	49_cd1_ct13	ct13	3	5	2	2	6	6	6	6	6	6	6	6	6	6	6	5
150	cd2_ass_-n	ass	-n	1	14_cd2_ct04	ct04	3	5	2	2	6	6	6	6	6	6	6	6	6	6	6	5
150	cd2_ass_-n	ass	-n	4	42_cd2_ct11	ct11	3	5	2	2	6	6	6	6	6	6	6	6	6	6	6	5
150	cd3_com_+n	com	+n	6	7_cd3_ct02	ct02	3	5	2	2	6	6	6	6	6	6	6	6	6	6	6	5
150	cd3_com_+n	com	+n	6	35_cd3_ct09	ct09	3	5	2	2	6	6	6	6	6	6	6	6	6	6	6	5
150	cd4_com_-n	com	-n	6	28_cd4_ct07	ct07	3	5	2	2	6	6	6	6	6	6	6	6	6	6	6	5
150	cd4_com_-n	com	-n	6	64_cd4_ct16	ct16	3	5	2	2	6	6	6	6	6	6	6	6	6	6	6	5
169	cd1_ass_+n	ass	+n	1	21_cd1_ct06	ct06	1	1	1	1	6	6	6	6	5	2	5	4	6	4	3	3
169	cd1_ass_+n	ass	+n	1	49_cd1_ct13	ct13	1	1	1	1	6	6	6	6	5	2	5	4	6	4	3	3
169	cd2_ass_-n	ass	-n	2	14_cd2_ct04	ct04	1	1	1	1	6	6	6	6	5	2	5	4	6	4	3	3
169	cd2_ass_-n	ass	-n	1	42_cd2_ct11	ct11	1	1	1	1	6	6	6	6	5	2	5	4	6	4	3	3
169	cd3_com_+n	com	+n	3	7_cd3_ct02	ct02	1	1	1	1	6	6	6	6	5	2	5	4	6	4	3	3
169	cd3_com_+n	com	+n	3	35_cd3_ct09	ct09	1	1	1	1	6	6	6	6	5	2	5	4	6	4	3	3
169	cd4_com_-n	com	-n	2	28_cd4_ct07	ct07	1	1	1	1	6	6	6	6	5	2	5	4	6	4	3	3
169	cd4_com_-n	com	-n	2	64_cd4_ct16	ct16	1	1	1	1	6	6	6	6	5	2	5	4	6	4	3	3
189	cd1_ass_+n	ass	+n	1	9_cd1_ct03	ct03	1	2	1	1	6	5	6	6	3	2	5	1	3	1	2	2
189	cd1_ass_+n	ass	+n	1	45_cd1_ct12	ct12	1	2	1	1	6	5	6	6	3	2	5	1	3	1	2	2
189	cd2_ass_-n	ass	-n	1	2_cd2_ct01	ct01	1	2	1	1	6	5	6	6	3	2	5	1	3	1	2	2
189	cd2_ass_-n	ass	-n	1	38_cd2_ct10	ct10	1	2	1	1	6	5	6	6	3	2	5	1	3	1	2	2
189	cd3_com_+n	com	+n	6	31_cd3_ct08	ct08	1	2	1	1	6	5	6	6	3	2	5	1	3	1	2	2
189	cd3_com_+n	com	+n	3	59_cd3_ct15	ct15	1	2	1	1	6	5	6	6	3	2	5	1	3	1	2	2
189	cd4_com_-n	com	-n	5	24_cd4_ct06	ct06	1	2	1	1	6	5	6	6	3	2	5	1	3	1	2	2
189	cd4_com_-n	com	-n	5	52_cd4_ct13	ct13	1	2	1	1	6	5	6	6	3	2	5	1	3	1	2	2
190	cd1_ass_+n	ass	+n	5	17_cd1_ct05	ct05	4	3	1	1	6	6	6	6	6	6	6	5	6	3	6	6
190	cd1_ass_+n	ass	+n	4	53_cd1_ct14	ct14	4	3	1	1	6	6	6	6	6	6	6	5	6	3	6	6
190	cd2_ass_-n	ass	-n	6	10_cd2_ct03	ct03	4	3	1	1	6	6	6	6	6	6	6	5	6	3	6	6
190	cd2_ass_-n	ass	-n	6	46_cd2_ct12	ct12	4	3	1	1	6	6	6	6	6	6	6	5	6	3	6	6
190	cd3_com_+n	com	+n	6	3_cd3_ct01	ct01	4	3	1	1	6	6	6	6	6	6	6	5	6	3	6	6
190	cd3_com_+n	com	+n	6	39_cd3_ct10	ct10	4	3	1	1	6	6	6	6	6	6	6	5	6	3	6	6
190	cd4_com_-n	com	-n	6	32_cd4_ct08	ct08	4	3	1	1	6	6	6	6	6	6	6	5	6	3	6	6
190	cd4_com_-n	com	-n	6	60_cd4_ct15	ct15	4	3	1	1	6	6	6	6	6	6	6	5	6	3	6	6
203	cd1_ass_+n	ass	+n	1	13_cd1_ct04	ct04	1	5	1	1	6	6	6	6	6	6	6	6	6	1	6	6
203	cd1_ass_+n	ass	+n	6	41_cd1_ct11	ct11	1	5	1	1	6	6	6	6	6	6	6	6	6	1	6	6
203	cd2_ass_-n	ass	-n	1	6_cd2_ct02	ct02	1	5	1	1	6	6	6	6	6	6	6	6	6	1	6	6
203	cd2_ass_-n	ass	-n	1	34_cd2_ct09	ct09	1	5	1	1	6	6	6	6	6	6	6	6	6	1	6	6
203	cd3_com_+n	com	+n	6	27_cd3_ct07	ct07	1	5	1	1	6	6	6	6	6	6	6	6	6	1	6	6
203	cd3_com_+n	com	+n	6	63_cd3_ct16	ct16	1	5	1	1	6	6	6	6	6	6	6	6	6	1	6	6
203	cd4_com_-n	com	-n	6	20_cd4_ct05	ct05	1	5	1	1	6	6	6	6	6	6	6	6	6	1	6	6
203	cd4_com_-n	com	-n	6	56_cd4_ct14	ct14	1	5	1	1	6	6	6	6	6	6	6	6	6	1	6	6
264	cd1_ass_+n	ass	+n	6	29_cd1_ct08	ct08	1	1	1	1	6	6	6	5	6	5	6	6	2	1	6	2
264	cd1_ass_+n	ass	+n	2	57_cd1_ct15	ct15	1	1	1	1	6	6	6	5	6	5	6	6	2	1	6	2
264	cd2_ass_-n	ass	-n	1	22_cd2_ct06	ct06	1	1	1	1	6	6	6	5	6	5	6	6	2	1	6	2
264	cd2_ass_-n	ass	-n	2	50_cd2_ct13	ct13	1	1	1	1	6	6	6	5	6	5	6	6	2	1	6	2
264	cd3_com_+n	com	+n	6	15_cd3_ct04	ct04	1	1	1	1	6	6	6	5	6	5	6	6	2	1	6	2
264	cd3_com_+n	com	+n	6	43_cd3_ct11	ct11	1	1	1	1	6	6	6	5	6	5	6	6	2	1	6	2
264	cd4_com_-n	com	-n	6	8_cd4_ct02	ct02	1	1	1	1	6	6	6	5	6	5	6	6	2	1	6	2
264	cd4_com_-n	com	-n	6	36_cd4_ct09	ct09	1	1	1	1	6	6	6	5	6	5	6	6	2	1	6	2
266	cd1_ass_+n	ass	+n	1	13_cd1_ct04	ct04	1	1	1	1	6	6	6	6	6	6	6	6	6	6	6	6
266	cd1_ass_+n	ass	+n	1	41_cd1_ct11	ct11	1	1	1	1	6	6	6	6	6	6	6	6	6	6	6	6
266	cd2_ass_-n	ass	-n	1	6_cd2_ct02	ct02	1	1	1	1	6	6	6	6	6	6	6	6	6	6	6	6
266	cd2_ass_-n	ass	-n	1	34_cd2_ct09	ct09	1	1	1	1	6	6	6	6	6	6	6	6	6	6	6	6
266	cd3_com_+n	com	+n	6	27_cd3_ct07	ct07	1	1	1	1	6	6	6	6	6	6	6	6	6	6	6	6
266	cd3_com_+n	com	+n	6	63_cd3_ct16	ct16	1	1	1	1	6	6	6	6	6	6	6	6	6	6	6	6
266	cd4_com_-n	com	-n	6	20_cd4_ct05	ct05	1	1	1	1	6	6	6	6	6	6	6	6	6	6	6	6
266	cd4_com_-n	com	-n	6	56_cd4_ct14	ct14	1	1	1	1	6	6	6	6	6	6	6	6	6	6	6	6
277	cd1_ass_+n	ass	+n	1	13_cd1_ct04	ct04	1	3	1	1	6	6	6	6	4	2	4	1	2	4	5	5
277	cd1_ass_+n	ass	+n	1	41_cd1_ct11	ct11	1	3	1	1	6	6	6	6	4	2	4	1	2	4	5	5
277	cd2_ass_-n	ass	-n	1	6_cd2_ct02	ct02	1	3	1	1	6	6	6	6	4	2	4	1	2	4	5	5
277	cd2_ass_-n	ass	-n	1	34_cd2_ct09	ct09	1	3	1	1	6	6	6	6	4	2	4	1	2	4	5	5
277	cd3_com_+n	com	+n	6	27_cd3_ct07	ct07	1	3	1	1	6	6	6	6	4	2	4	1	2	4	5	5
277	cd3_com_+n	com	+n	6	63_cd3_ct16	ct16	1	3	1	1	6	6	6	6	4	2	4	1	2	4	5	5
277	cd4_com_-n	com	-n	6	20_cd4_ct05	ct05	1	3	1	1	6	6	6	6	4	2	4	1	2	4	5	5
277	cd4_com_-n	com	-n	6	56_cd4_ct14	ct14	1	3	1	1	6	6	6	6	4	2	4	1	2	4	5	5
290	cd1_ass_+n	ass	+n	1	29_cd1_ct08	ct08	1	1	1	1	6	6	6	6	5	5	6	2	3	2	6	5
290	cd1_ass_+n	ass	+n	1	57_cd1_ct15	ct15	1	1	1	1	6	6	6	6	5	5	6	2	3	2	6	5
290	cd2_ass_-n	ass	-n	1	22_cd2_ct06	ct06	1	1	1	1	6	6	6	6	5	5	6	2	3	2	6	5
290	cd2_ass_-n	ass	-n	1	50_cd2_ct13	ct13	1	1	1	1	6	6	6	6	5	5	6	2	3	2	6	5
290	cd3_com_+n	com	+n	5	15_cd3_ct04	ct04	1	1	1	1	6	6	6	6	5	5	6	2	3	2	6	5
290	cd3_com_+n	com	+n	6	43_cd3_ct11	ct11	1	1	1	1	6	6	6	6	5	5	6	2	3	2	6	5
290	cd4_com_-n	com	-n	5	8_cd4_ct02	ct02	1	1	1	1	6	6	6	6	5	5	6	2	3	2	6	5
290	cd4_com_-n	com	-n	6	36_cd4_ct09	ct09	1	1	1	1	6	6	6	6	5	5	6	2	3	2	6	5
298	cd1_ass_+n	ass	+n	1	25_cd1_ct07	ct07	1	1	1	1	6	6	6	6	6	6	6	6	6	6	5	5
298	cd1_ass_+n	ass	+n	1	61_cd1_ct16	ct16	1	1	1	1	6	6	6	6	6	6	6	6	6	6	5	5
298	cd2_ass_-n	ass	-n	1	18_cd2_ct05	ct05	1	1	1	1	6	6	6	6	6	6	6	6	6	6	5	5
298	cd2_ass_-n	ass	-n	1	54_cd2_ct14	ct14	1	1	1	1	6	6	6	6	6	6	6	6	6	6	5	5
298	cd3_com_+n	com	+n	5	11_cd3_ct03	ct03	1	1	1	1	6	6	6	6	6	6	6	6	6	6	5	5
298	cd3_com_+n	com	+n	5	47_cd3_ct12	ct12	1	1	1	1	6	6	6	6	6	6	6	6	6	6	5	5
298	cd4_com_-n	com	-n	5	4_cd4_ct01	ct01	1	1	1	1	6	6	6	6	6	6	6	6	6	6	5	5
298	cd4_com_-n	com	-n	5	40_cd4_ct10	ct10	1	1	1	1	6	6	6	6	6	6	6	6	6	6	5	5
307	cd1_ass_+n	ass	+n	2	1_cd1_ct01	ct01	1	1	1	1	6	6	6	6	6	6	6	5	5	1	6	6
307	cd1_ass_+n	ass	+n	1	37_cd1_ct10	ct10	1	1	1	1	6	6	6	6	6	6	6	5	5	1	6	6
307	cd2_ass_-n	ass	-n	1	30_cd2_ct08	ct08	1	1	1	1	6	6	6	6	6	6	6	5	5	1	6	6
307	cd2_ass_-n	ass	-n	2	58_cd2_ct15	ct15	1	1	1	1	6	6	6	6	6	6	6	5	5	1	6	6
307	cd3_com_+n	com	+n	5	23_cd3_ct06	ct06	1	1	1	1	6	6	6	6	6	6	6	5	5	1	6	6
307	cd3_com_+n	com	+n	6	51_cd3_ct13	ct13	1	1	1	1	6	6	6	6	6	6	6	5	5	1	6	6
307	cd4_com_-n	com	-n	6	16_cd4_ct04	ct04	1	1	1	1	6	6	6	6	6	6	6	5	5	1	6	6
307	cd4_com_-n	com	-n	6	44_cd4_ct11	ct11	1	1	1	1	6	6	6	6	6	6	6	5	5	1	6	6
308	cd1_ass_+n	ass	+n	5	25_cd1_ct07	ct07	1	1	1	1	6	6	6	6	4	4	5	4	5	3	5	5
308	cd1_ass_+n	ass	+n	1	61_cd1_ct16	ct16	1	1	1	1	6	6	6	6	4	4	5	4	5	3	5	5
308	cd2_ass_-n	ass	-n	3	18_cd2_ct05	ct05	1	1	1	1	6	6	6	6	4	4	5	4	5	3	5	5
308	cd2_ass_-n	ass	-n	5	54_cd2_ct14	ct14	1	1	1	1	6	6	6	6	4	4	5	4	5	3	5	5
308	cd3_com_+n	com	+n	5	11_cd3_ct03	ct03	1	1	1	1	6	6	6	6	4	4	5	4	5	3	5	5
308	cd3_com_+n	com	+n	6	47_cd3_ct12	ct12	1	1	1	1	6	6	6	6	4	4	5	4	5	3	5	5
308	cd4_com_-n	com	-n	6	4_cd4_ct01	ct01	1	1	1	1	6	6	6	6	4	4	5	4	5	3	5	5
308	cd4_com_-n	com	-n	5	40_cd4_ct10	ct10	1	1	1	1	6	6	6	6	4	4	5	4	5	3	5	5
309	cd1_ass_+n	ass	+n	5	25_cd1_ct07	ct07	3	6	2	2	6	6	5	6	6	6	6	5	6	5	6	5
309	cd1_ass_+n	ass	+n	1	61_cd1_ct16	ct16	3	6	2	2	6	6	5	6	6	6	6	5	6	5	6	5
309	cd2_ass_-n	ass	-n	6	18_cd2_ct05	ct05	3	6	2	2	6	6	5	6	6	6	6	5	6	5	6	5
309	cd2_ass_-n	ass	-n	1	54_cd2_ct14	ct14	3	6	2	2	6	6	5	6	6	6	6	5	6	5	6	5
309	cd3_com_+n	com	+n	6	11_cd3_ct03	ct03	3	6	2	2	6	6	5	6	6	6	6	5	6	5	6	5
309	cd3_com_+n	com	+n	6	47_cd3_ct12	ct12	3	6	2	2	6	6	5	6	6	6	6	5	6	5	6	5
309	cd4_com_-n	com	-n	6	4_cd4_ct01	ct01	3	6	2	2	6	6	5	6	6	6	6	5	6	5	6	5
309	cd4_com_-n	com	-n	6	40_cd4_ct10	ct10	3	6	2	2	6	6	5	6	6	6	6	5	6	5	6	5
328	cd1_ass_+n	ass	+n	5	25_cd1_ct07	ct07	6	6	1	1	6	6	3	5	6	6	6	6	6	2	6	6
328	cd1_ass_+n	ass	+n	1	61_cd1_ct16	ct16	6	6	1	1	6	6	3	5	6	6	6	6	6	2	6	6
328	cd2_ass_-n	ass	-n	1	18_cd2_ct05	ct05	6	6	1	1	6	6	3	5	6	6	6	6	6	2	6	6
328	cd2_ass_-n	ass	-n	1	54_cd2_ct14	ct14	6	6	1	1	6	6	3	5	6	6	6	6	6	2	6	6
328	cd3_com_+n	com	+n	6	11_cd3_ct03	ct03	6	6	1	1	6	6	3	5	6	6	6	6	6	2	6	6
328	cd3_com_+n	com	+n	6	47_cd3_ct12	ct12	6	6	1	1	6	6	3	5	6	6	6	6	6	2	6	6
328	cd4_com_-n	com	-n	6	4_cd4_ct01	ct01	6	6	1	1	6	6	3	5	6	6	6	6	6	2	6	6
328	cd4_com_-n	com	-n	6	40_cd4_ct10	ct10	6	6	1	1	6	6	3	5	6	6	6	6	6	2	6	6
329	cd1_ass_+n	ass	+n	1	5_cd1_ct02	ct02	1	5	1	1	6	6	5	6	6	6	6	3	5	3	4	4
329	cd1_ass_+n	ass	+n	1	33_cd1_ct09	ct09	1	5	1	1	6	6	5	6	6	6	6	3	5	3	4	4
329	cd2_ass_-n	ass	-n	1	26_cd2_ct07	ct07	1	5	1	1	6	6	5	6	6	6	6	3	5	3	4	4
329	cd2_ass_-n	ass	-n	1	62_cd2_ct16	ct16	1	5	1	1	6	6	5	6	6	6	6	3	5	3	4	4
329	cd3_com_+n	com	+n	5	19_cd3_ct05	ct05	1	5	1	1	6	6	5	6	6	6	6	3	5	3	4	4
329	cd3_com_+n	com	+n	5	55_cd3_ct14	ct14	1	5	1	1	6	6	5	6	6	6	6	3	5	3	4	4
329	cd4_com_-n	com	-n	5	12_cd4_ct03	ct03	1	5	1	1	6	6	5	6	6	6	6	3	5	3	4	4
329	cd4_com_-n	com	-n	5	48_cd4_ct12	ct12	1	5	1	1	6	6	5	6	6	6	6	3	5	3	4	4
334	cd1_ass_+n	ass	+n	1	9_cd1_ct03	ct03	3	1	1	1	6	6	6	6	6	6	6	6	6	6	6	6
334	cd1_ass_+n	ass	+n	1	45_cd1_ct12	ct12	3	1	1	1	6	6	6	6	6	6	6	6	6	6	6	6
334	cd2_ass_-n	ass	-n	1	2_cd2_ct01	ct01	3	1	1	1	6	6	6	6	6	6	6	6	6	6	6	6
334	cd2_ass_-n	ass	-n	2	38_cd2_ct10	ct10	3	1	1	1	6	6	6	6	6	6	6	6	6	6	6	6
334	cd3_com_+n	com	+n	1	31_cd3_ct08	ct08	3	1	1	1	6	6	6	6	6	6	6	6	6	6	6	6
334	cd3_com_+n	com	+n	1	59_cd3_ct15	ct15	3	1	1	1	6	6	6	6	6	6	6	6	6	6	6	6
334	cd4_com_-n	com	-n	2	24_cd4_ct06	ct06	3	1	1	1	6	6	6	6	6	6	6	6	6	6	6	6
334	cd4_com_-n	com	-n	1	52_cd4_ct13	ct13	3	1	1	1	6	6	6	6	6	6	6	6	6	6	6	6
336	cd1_ass_+n	ass	+n	5	9_cd1_ct03	ct03	1	1	1	1	6	6	6	6	2	2	5	5	6	5	2	2
336	cd1_ass_+n	ass	+n	1	45_cd1_ct12	ct12	1	1	1	1	6	6	6	6	2	2	5	5	6	5	2	2
336	cd2_ass_-n	ass	-n	1	2_cd2_ct01	ct01	1	1	1	1	6	6	6	6	2	2	5	5	6	5	2	2
336	cd2_ass_-n	ass	-n	1	38_cd2_ct10	ct10	1	1	1	1	6	6	6	6	2	2	5	5	6	5	2	2
336	cd3_com_+n	com	+n	6	31_cd3_ct08	ct08	1	1	1	1	6	6	6	6	2	2	5	5	6	5	2	2
336	cd3_com_+n	com	+n	1	59_cd3_ct15	ct15	1	1	1	1	6	6	6	6	2	2	5	5	6	5	2	2
336	cd4_com_-n	com	-n	5	24_cd4_ct06	ct06	1	1	1	1	6	6	6	6	2	2	5	5	6	5	2	2
336	cd4_com_-n	com	-n	5	52_cd4_ct13	ct13	1	1	1	1	6	6	6	6	2	2	5	5	6	5	2	2
338	cd1_ass_+n	ass	+n	5	5_cd1_ct02	ct02	1	1	1	2	6	6	6	6	6	6	6	4	6	6	6	6
338	cd1_ass_+n	ass	+n	2	33_cd1_ct09	ct09	1	1	1	2	6	6	6	6	6	6	6	4	6	6	6	6
338	cd2_ass_-n	ass	-n	4	26_cd2_ct07	ct07	1	1	1	2	6	6	6	6	6	6	6	4	6	6	6	6
338	cd2_ass_-n	ass	-n	4	62_cd2_ct16	ct16	1	1	1	2	6	6	6	6	6	6	6	4	6	6	6	6
338	cd3_com_+n	com	+n	5	19_cd3_ct05	ct05	1	1	1	2	6	6	6	6	6	6	6	4	6	6	6	6
338	cd3_com_+n	com	+n	6	55_cd3_ct14	ct14	1	1	1	2	6	6	6	6	6	6	6	4	6	6	6	6
338	cd4_com_-n	com	-n	5	12_cd4_ct03	ct03	1	1	1	2	6	6	6	6	6	6	6	4	6	6	6	6
338	cd4_com_-n	com	-n	3	48_cd4_ct12	ct12	1	1	1	2	6	6	6	6	6	6	6	4	6	6	6	6
355	cd1_ass_+n	ass	+n	6	1_cd1_ct01	ct01	1	1	1	6	6	6	6	6	6	6	6	6	6	6	6	6
355	cd1_ass_+n	ass	+n	1	37_cd1_ct10	ct10	1	1	1	6	6	6	6	6	6	6	6	6	6	6	6	6
355	cd2_ass_-n	ass	-n	1	30_cd2_ct08	ct08	1	1	1	6	6	6	6	6	6	6	6	6	6	6	6	6
355	cd2_ass_-n	ass	-n	6	58_cd2_ct15	ct15	1	1	1	6	6	6	6	6	6	6	6	6	6	6	6	6
355	cd3_com_+n	com	+n	6	23_cd3_ct06	ct06	1	1	1	6	6	6	6	6	6	6	6	6	6	6	6	6
355	cd3_com_+n	com	+n	6	51_cd3_ct13	ct13	1	1	1	6	6	6	6	6	6	6	6	6	6	6	6	6
355	cd4_com_-n	com	-n	6	16_cd4_ct04	ct04	1	1	1	6	6	6	6	6	6	6	6	6	6	6	6	6
355	cd4_com_-n	com	-n	6	44_cd4_ct11	ct11	1	1	1	6	6	6	6	6	6	6	6	6	6	6	6	6
357	cd1_ass_+n	ass	+n	1	13_cd1_ct04	ct04	3	6	1	1	6	6	6	6	6	6	6	6	6	6	6	6
357	cd1_ass_+n	ass	+n	1	41_cd1_ct11	ct11	3	6	1	1	6	6	6	6	6	6	6	6	6	6	6	6
357	cd2_ass_-n	ass	-n	1	6_cd2_ct02	ct02	3	6	1	1	6	6	6	6	6	6	6	6	6	6	6	6
357	cd2_ass_-n	ass	-n	1	34_cd2_ct09	ct09	3	6	1	1	6	6	6	6	6	6	6	6	6	6	6	6
357	cd3_com_+n	com	+n	6	27_cd3_ct07	ct07	3	6	1	1	6	6	6	6	6	6	6	6	6	6	6	6
357	cd3_com_+n	com	+n	4	63_cd3_ct16	ct16	3	6	1	1	6	6	6	6	6	6	6	6	6	6	6	6
357	cd4_com_-n	com	-n	6	20_cd4_ct05	ct05	3	6	1	1	6	6	6	6	6	6	6	6	6	6	6	6
357	cd4_com_-n	com	-n	6	56_cd4_ct14	ct14	3	6	1	1	6	6	6	6	6	6	6	6	6	6	6	6
368	cd1_ass_+n	ass	+n	1	21_cd1_ct06	ct06	1	3	1	1	6	6	6	6	6	6	6	6	6	6	3	2
368	cd1_ass_+n	ass	+n	1	49_cd1_ct13	ct13	1	3	1	1	6	6	6	6	6	6	6	6	6	6	3	2
368	cd2_ass_-n	ass	-n	1	14_cd2_ct04	ct04	1	3	1	1	6	6	6	6	6	6	6	6	6	6	3	2
368	cd2_ass_-n	ass	-n	1	42_cd2_ct11	ct11	1	3	1	1	6	6	6	6	6	6	6	6	6	6	3	2
368	cd3_com_+n	com	+n	6	7_cd3_ct02	ct02	1	3	1	1	6	6	6	6	6	6	6	6	6	6	3	2
368	cd3_com_+n	com	+n	2	35_cd3_ct09	ct09	1	3	1	1	6	6	6	6	6	6	6	6	6	6	3	2
368	cd4_com_-n	com	-n	2	28_cd4_ct07	ct07	1	3	1	1	6	6	6	6	6	6	6	6	6	6	3	2
368	cd4_com_-n	com	-n	3	64_cd4_ct16	ct16	1	3	1	1	6	6	6	6	6	6	6	6	6	6	3	2
377	cd1_ass_+n	ass	+n	1	9_cd1_ct03	ct03	1	1	1	2	6	6	6	6	5	2	4	4	4	4	2	2
377	cd1_ass_+n	ass	+n	1	45_cd1_ct12	ct12	1	1	1	2	6	6	6	6	5	2	4	4	4	4	2	2
377	cd2_ass_-n	ass	-n	1	2_cd2_ct01	ct01	1	1	1	2	6	6	6	6	5	2	4	4	4	4	2	2
377	cd2_ass_-n	ass	-n	1	38_cd2_ct10	ct10	1	1	1	2	6	6	6	6	5	2	4	4	4	4	2	2
377	cd3_com_+n	com	+n	3	31_cd3_ct08	ct08	1	1	1	2	6	6	6	6	5	2	4	4	4	4	2	2
377	cd3_com_+n	com	+n	2	59_cd3_ct15	ct15	1	1	1	2	6	6	6	6	5	2	4	4	4	4	2	2
377	cd4_com_-n	com	-n	2	24_cd4_ct06	ct06	1	1	1	2	6	6	6	6	5	2	4	4	4	4	2	2
377	cd4_com_-n	com	-n	4	52_cd4_ct13	ct13	1	1	1	2	6	6	6	6	5	2	4	4	4	4	2	2
381	cd1_ass_+n	ass	+n	1	1_cd1_ct01	ct01	1	1	5	6	6	6	6	6	4	4	5	6	5	1	6	6
381	cd1_ass_+n	ass	+n	1	37_cd1_ct10	ct10	1	1	5	6	6	6	6	6	4	4	5	6	5	1	6	6
381	cd2_ass_-n	ass	-n	1	30_cd2_ct08	ct08	1	1	5	6	6	6	6	6	4	4	5	6	5	1	6	6
381	cd2_ass_-n	ass	-n	1	58_cd2_ct15	ct15	1	1	5	6	6	6	6	6	4	4	5	6	5	1	6	6
381	cd3_com_+n	com	+n	6	23_cd3_ct06	ct06	1	1	5	6	6	6	6	6	4	4	5	6	5	1	6	6
381	cd3_com_+n	com	+n	6	51_cd3_ct13	ct13	1	1	5	6	6	6	6	6	4	4	5	6	5	1	6	6
381	cd4_com_-n	com	-n	6	16_cd4_ct04	ct04	1	1	5	6	6	6	6	6	4	4	5	6	5	1	6	6
381	cd4_com_-n	com	-n	6	44_cd4_ct11	ct11	1	1	5	6	6	6	6	6	4	4	5	6	5	1	6	6
385	cd1_ass_+n	ass	+n	1	13_cd1_ct04	ct04	1	3	1	1	6	6	3	6	5	4	5	6	6	5	6	6
385	cd1_ass_+n	ass	+n	1	41_cd1_ct11	ct11	1	3	1	1	6	6	3	6	5	4	5	6	6	5	6	6
385	cd2_ass_-n	ass	-n	1	6_cd2_ct02	ct02	1	3	1	1	6	6	3	6	5	4	5	6	6	5	6	6
385	cd2_ass_-n	ass	-n	1	34_cd2_ct09	ct09	1	3	1	1	6	6	3	6	5	4	5	6	6	5	6	6
385	cd3_com_+n	com	+n	5	27_cd3_ct07	ct07	1	3	1	1	6	6	3	6	5	4	5	6	6	5	6	6
385	cd3_com_+n	com	+n	6	63_cd3_ct16	ct16	1	3	1	1	6	6	3	6	5	4	5	6	6	5	6	6
385	cd4_com_-n	com	-n	4	20_cd4_ct05	ct05	1	3	1	1	6	6	3	6	5	4	5	6	6	5	6	6
385	cd4_com_-n	com	-n	6	56_cd4_ct14	ct14	1	3	1	1	6	6	3	6	5	4	5	6	6	5	6	6
388	cd1_ass_+n	ass	+n	1	29_cd1_ct08	ct08	1	1	1	1	6	6	6	6	4	2	5	4	5	5	2	2
388	cd1_ass_+n	ass	+n	1	57_cd1_ct15	ct15	1	1	1	1	6	6	6	6	4	2	5	4	5	5	2	2
388	cd2_ass_-n	ass	-n	1	22_cd2_ct06	ct06	1	1	1	1	6	6	6	6	4	2	5	4	5	5	2	2
388	cd2_ass_-n	ass	-n	1	50_cd2_ct13	ct13	1	1	1	1	6	6	6	6	4	2	5	4	5	5	2	2
388	cd3_com_+n	com	+n	4	15_cd3_ct04	ct04	1	1	1	1	6	6	6	6	4	2	5	4	5	5	2	2
388	cd3_com_+n	com	+n	5	43_cd3_ct11	ct11	1	1	1	1	6	6	6	6	4	2	5	4	5	5	2	2
388	cd4_com_-n	com	-n	5	8_cd4_ct02	ct02	1	1	1	1	6	6	6	6	4	2	5	4	5	5	2	2
388	cd4_com_-n	com	-n	3	36_cd4_ct09	ct09	1	1	1	1	6	6	6	6	4	2	5	4	5	5	2	2
393	cd1_ass_+n	ass	+n	1	29_cd1_ct08	ct08	4	5	1	1	6	6	6	6	6	6	6	6	6	6	6	6
393	cd1_ass_+n	ass	+n	2	57_cd1_ct15	ct15	4	5	1	1	6	6	6	6	6	6	6	6	6	6	6	6
393	cd2_ass_-n	ass	-n	1	22_cd2_ct06	ct06	4	5	1	1	6	6	6	6	6	6	6	6	6	6	6	6
393	cd2_ass_-n	ass	-n	1	50_cd2_ct13	ct13	4	5	1	1	6	6	6	6	6	6	6	6	6	6	6	6
393	cd3_com_+n	com	+n	6	15_cd3_ct04	ct04	4	5	1	1	6	6	6	6	6	6	6	6	6	6	6	6
393	cd3_com_+n	com	+n	6	43_cd3_ct11	ct11	4	5	1	1	6	6	6	6	6	6	6	6	6	6	6	6
393	cd4_com_-n	com	-n	6	8_cd4_ct02	ct02	4	5	1	1	6	6	6	6	6	6	6	6	6	6	6	6
393	cd4_com_-n	com	-n	5	36_cd4_ct09	ct09	4	5	1	1	6	6	6	6	6	6	6	6	6	6	6	6
395	cd1_ass_+n	ass	+n	1	25_cd1_ct07	ct07	1	4	1	1	6	6	6	6	6	6	6	6	6	6	3	6
395	cd1_ass_+n	ass	+n	1	61_cd1_ct16	ct16	1	4	1	1	6	6	6	6	6	6	6	6	6	6	3	6
395	cd2_ass_-n	ass	-n	1	18_cd2_ct05	ct05	1	4	1	1	6	6	6	6	6	6	6	6	6	6	3	6
395	cd2_ass_-n	ass	-n	1	54_cd2_ct14	ct14	1	4	1	1	6	6	6	6	6	6	6	6	6	6	3	6
395	cd3_com_+n	com	+n	6	11_cd3_ct03	ct03	1	4	1	1	6	6	6	6	6	6	6	6	6	6	3	6
395	cd3_com_+n	com	+n	6	47_cd3_ct12	ct12	1	4	1	1	6	6	6	6	6	6	6	6	6	6	3	6
395	cd4_com_-n	com	-n	6	4_cd4_ct01	ct01	1	4	1	1	6	6	6	6	6	6	6	6	6	6	3	6
395	cd4_com_-n	com	-n	6	40_cd4_ct10	ct10	1	4	1	1	6	6	6	6	6	6	6	6	6	6	3	6
398	cd1_ass_+n	ass	+n	5	25_cd1_ct07	ct07	1	4	1	1	6	5	6	5	6	6	6	6	6	6	5	6
398	cd1_ass_+n	ass	+n	1	61_cd1_ct16	ct16	1	4	1	1	6	5	6	5	6	6	6	6	6	6	5	6
398	cd2_ass_-n	ass	-n	2	18_cd2_ct05	ct05	1	4	1	1	6	5	6	5	6	6	6	6	6	6	5	6
398	cd2_ass_-n	ass	-n	1	54_cd2_ct14	ct14	1	4	1	1	6	5	6	5	6	6	6	6	6	6	5	6
398	cd3_com_+n	com	+n	6	11_cd3_ct03	ct03	1	4	1	1	6	5	6	5	6	6	6	6	6	6	5	6
398	cd3_com_+n	com	+n	6	47_cd3_ct12	ct12	1	4	1	1	6	5	6	5	6	6	6	6	6	6	5	6
398	cd4_com_-n	com	-n	6	4_cd4_ct01	ct01	1	4	1	1	6	5	6	5	6	6	6	6	6	6	5	6
398	cd4_com_-n	com	-n	4	40_cd4_ct10	ct10	1	4	1	1	6	5	6	5	6	6	6	6	6	6	5	6
402	cd1_ass_+n	ass	+n	3	21_cd1_ct06	ct06	1	1	2	3	6	5	5	5	5	5	6	5	6	6	6	6
402	cd1_ass_+n	ass	+n	2	49_cd1_ct13	ct13	1	1	2	3	6	5	5	5	5	5	6	5	6	6	6	6
402	cd2_ass_-n	ass	-n	2	14_cd2_ct04	ct04	1	1	2	3	6	5	5	5	5	5	6	5	6	6	6	6
402	cd2_ass_-n	ass	-n	4	42_cd2_ct11	ct11	1	1	2	3	6	5	5	5	5	5	6	5	6	6	6	6
402	cd3_com_+n	com	+n	5	7_cd3_ct02	ct02	1	1	2	3	6	5	5	5	5	5	6	5	6	6	6	6
402	cd3_com_+n	com	+n	6	35_cd3_ct09	ct09	1	1	2	3	6	5	5	5	5	5	6	5	6	6	6	6
402	cd4_com_-n	com	-n	6	28_cd4_ct07	ct07	1	1	2	3	6	5	5	5	5	5	6	5	6	6	6	6
402	cd4_com_-n	com	-n	6	64_cd4_ct16	ct16	1	1	2	3	6	5	5	5	5	5	6	5	6	6	6	6
411	cd1_ass_+n	ass	+n	1	17_cd1_ct05	ct05	1	2	1	1	6	6	6	6	5	6	6	6	6	5	5	6
411	cd1_ass_+n	ass	+n	1	53_cd1_ct14	ct14	1	2	1	1	6	6	6	6	5	6	6	6	6	5	5	6
411	cd2_ass_-n	ass	-n	1	10_cd2_ct03	ct03	1	2	1	1	6	6	6	6	5	6	6	6	6	5	5	6
411	cd2_ass_-n	ass	-n	1	46_cd2_ct12	ct12	1	2	1	1	6	6	6	6	5	6	6	6	6	5	5	6
411	cd3_com_+n	com	+n	5	3_cd3_ct01	ct01	1	2	1	1	6	6	6	6	5	6	6	6	6	5	5	6
411	cd3_com_+n	com	+n	5	39_cd3_ct10	ct10	1	2	1	1	6	6	6	6	5	6	6	6	6	5	5	6
411	cd4_com_-n	com	-n	5	32_cd4_ct08	ct08	1	2	1	1	6	6	6	6	5	6	6	6	6	5	5	6
411	cd4_com_-n	com	-n	6	60_cd4_ct15	ct15	1	2	1	1	6	6	6	6	5	6	6	6	6	5	5	6
413	cd1_ass_+n	ass	+n	2	21_cd1_ct06	ct06	1	1	1	1	6	6	6	6	5	6	6	6	6	6	6	6
413	cd1_ass_+n	ass	+n	1	49_cd1_ct13	ct13	1	1	1	1	6	6	6	6	5	6	6	6	6	6	6	6
413	cd2_ass_-n	ass	-n	2	14_cd2_ct04	ct04	1	1	1	1	6	6	6	6	5	6	6	6	6	6	6	6
413	cd2_ass_-n	ass	-n	1	42_cd2_ct11	ct11	1	1	1	1	6	6	6	6	5	6	6	6	6	6	6	6
413	cd3_com_+n	com	+n	6	7_cd3_ct02	ct02	1	1	1	1	6	6	6	6	5	6	6	6	6	6	6	6
413	cd3_com_+n	com	+n	6	35_cd3_ct09	ct09	1	1	1	1	6	6	6	6	5	6	6	6	6	6	6	6
413	cd4_com_-n	com	-n	6	28_cd4_ct07	ct07	1	1	1	1	6	6	6	6	5	6	6	6	6	6	6	6
413	cd4_com_-n	com	-n	5	64_cd4_ct16	ct16	1	1	1	1	6	6	6	6	5	6	6	6	6	6	6	6
416	cd1_ass_+n	ass	+n	3	29_cd1_ct08	ct08	1	6	1	1	6	6	6	6	6	6	6	6	6	6	1	3
416	cd1_ass_+n	ass	+n	2	57_cd1_ct15	ct15	1	6	1	1	6	6	6	6	6	6	6	6	6	6	1	3
416	cd2_ass_-n	ass	-n	4	22_cd2_ct06	ct06	1	6	1	1	6	6	6	6	6	6	6	6	6	6	1	3
416	cd2_ass_-n	ass	-n	3	50_cd2_ct13	ct13	1	6	1	1	6	6	6	6	6	6	6	6	6	6	1	3
416	cd3_com_+n	com	+n	4	15_cd3_ct04	ct04	1	6	1	1	6	6	6	6	6	6	6	6	6	6	1	3
416	cd3_com_+n	com	+n	5	43_cd3_ct11	ct11	1	6	1	1	6	6	6	6	6	6	6	6	6	6	1	3
416	cd4_com_-n	com	-n	6	8_cd4_ct02	ct02	1	6	1	1	6	6	6	6	6	6	6	6	6	6	1	3
416	cd4_com_-n	com	-n	3	36_cd4_ct09	ct09	1	6	1	1	6	6	6	6	6	6	6	6	6	6	1	3
421	cd1_ass_+n	ass	+n	3	25_cd1_ct07	ct07	1	2	5	5	6	6	6	6	4	3	5	4	2	5	6	6
421	cd1_ass_+n	ass	+n	2	61_cd1_ct16	ct16	1	2	5	5	6	6	6	6	4	3	5	4	2	5	6	6
421	cd2_ass_-n	ass	-n	5	18_cd2_ct05	ct05	1	2	5	5	6	6	6	6	4	3	5	4	2	5	6	6
421	cd2_ass_-n	ass	-n	1	54_cd2_ct14	ct14	1	2	5	5	6	6	6	6	4	3	5	4	2	5	6	6
421	cd3_com_+n	com	+n	5	11_cd3_ct03	ct03	1	2	5	5	6	6	6	6	4	3	5	4	2	5	6	6
421	cd3_com_+n	com	+n	5	47_cd3_ct12	ct12	1	2	5	5	6	6	6	6	4	3	5	4	2	5	6	6
421	cd4_com_-n	com	-n	6	4_cd4_ct01	ct01	1	2	5	5	6	6	6	6	4	3	5	4	2	5	6	6
421	cd4_com_-n	com	-n	5	40_cd4_ct10	ct10	1	2	5	5	6	6	6	6	4	3	5	4	2	5	6	6
427	cd1_ass_+n	ass	+n	6	9_cd1_ct03	ct03	1	1	1	1	6	6	6	6	3	1	1	1	6	4	6	6
427	cd1_ass_+n	ass	+n	5	45_cd1_ct12	ct12	1	1	1	1	6	6	6	6	3	1	1	1	6	4	6	6
427	cd2_ass_-n	ass	-n	6	2_cd2_ct01	ct01	1	1	1	1	6	6	6	6	3	1	1	1	6	4	6	6
427	cd2_ass_-n	ass	-n	1	38_cd2_ct10	ct10	1	1	1	1	6	6	6	6	3	1	1	1	6	4	6	6
427	cd3_com_+n	com	+n	6	31_cd3_ct08	ct08	1	1	1	1	6	6	6	6	3	1	1	1	6	4	6	6
427	cd3_com_+n	com	+n	4	59_cd3_ct15	ct15	1	1	1	1	6	6	6	6	3	1	1	1	6	4	6	6
427	cd4_com_-n	com	-n	6	24_cd4_ct06	ct06	1	1	1	1	6	6	6	6	3	1	1	1	6	4	6	6
427	cd4_com_-n	com	-n	4	52_cd4_ct13	ct13	1	1	1	1	6	6	6	6	3	1	1	1	6	4	6	6
448	cd1_ass_+n	ass	+n	1	25_cd1_ct07	ct07	1	1	1	1	6	6	6	4	5	3	5	5	5	6	4	2
448	cd1_ass_+n	ass	+n	1	61_cd1_ct16	ct16	1	1	1	1	6	6	6	4	5	3	5	5	5	6	4	2
448	cd2_ass_-n	ass	-n	1	18_cd2_ct05	ct05	1	1	1	1	6	6	6	4	5	3	5	5	5	6	4	2
448	cd2_ass_-n	ass	-n	1	54_cd2_ct14	ct14	1	1	1	1	6	6	6	4	5	3	5	5	5	6	4	2
448	cd3_com_+n	com	+n	2	11_cd3_ct03	ct03	1	1	1	1	6	6	6	4	5	3	5	5	5	6	4	2
448	cd3_com_+n	com	+n	2	47_cd3_ct12	ct12	1	1	1	1	6	6	6	4	5	3	5	5	5	6	4	2
448	cd4_com_-n	com	-n	5	4_cd4_ct01	ct01	1	1	1	1	6	6	6	4	5	3	5	5	5	6	4	2
448	cd4_com_-n	com	-n	4	40_cd4_ct10	ct10	1	1	1	1	6	6	6	4	5	3	5	5	5	6	4	2
457	cd1_ass_+n	ass	+n	1	1_cd1_ct01	ct01	6	6	1	1	5	5	5	5	6	6	6	1	6	1	4	4
457	cd1_ass_+n	ass	+n	1	37_cd1_ct10	ct10	6	6	1	1	5	5	5	5	6	6	6	1	6	1	4	4
457	cd2_ass_-n	ass	-n	1	30_cd2_ct08	ct08	6	6	1	1	5	5	5	5	6	6	6	1	6	1	4	4
457	cd2_ass_-n	ass	-n	1	58_cd2_ct15	ct15	6	6	1	1	5	5	5	5	6	6	6	1	6	1	4	4
457	cd3_com_+n	com	+n	6	23_cd3_ct06	ct06	6	6	1	1	5	5	5	5	6	6	6	1	6	1	4	4
457	cd3_com_+n	com	+n	5	51_cd3_ct13	ct13	6	6	1	1	5	5	5	5	6	6	6	1	6	1	4	4
457	cd4_com_-n	com	-n	5	16_cd4_ct04	ct04	6	6	1	1	5	5	5	5	6	6	6	1	6	1	4	4
457	cd4_com_-n	com	-n	6	44_cd4_ct11	ct11	6	6	1	1	5	5	5	5	6	6	6	1	6	1	4	4
464	cd1_ass_+n	ass	+n	5	5_cd1_ct02	ct02	4	5	1	1	6	6	6	6	6	6	6	6	6	6	6	6
464	cd1_ass_+n	ass	+n	5	33_cd1_ct09	ct09	4	5	1	1	6	6	6	6	6	6	6	6	6	6	6	6
464	cd2_ass_-n	ass	-n	5	26_cd2_ct07	ct07	4	5	1	1	6	6	6	6	6	6	6	6	6	6	6	6
464	cd2_ass_-n	ass	-n	2	62_cd2_ct16	ct16	4	5	1	1	6	6	6	6	6	6	6	6	6	6	6	6
464	cd3_com_+n	com	+n	5	19_cd3_ct05	ct05	4	5	1	1	6	6	6	6	6	6	6	6	6	6	6	6
464	cd3_com_+n	com	+n	1	55_cd3_ct14	ct14	4	5	1	1	6	6	6	6	6	6	6	6	6	6	6	6
464	cd4_com_-n	com	-n	2	12_cd4_ct03	ct03	4	5	1	1	6	6	6	6	6	6	6	6	6	6	6	6
464	cd4_com_-n	com	-n	5	48_cd4_ct12	ct12	4	5	1	1	6	6	6	6	6	6	6	6	6	6	6	6
481	cd1_ass_+n	ass	+n	1	21_cd1_ct06	ct06	6	6	2	2	6	6	6	6	6	6	6	2	6	6	6	6
481	cd1_ass_+n	ass	+n	1	49_cd1_ct13	ct13	6	6	2	2	6	6	6	6	6	6	6	2	6	6	6	6
481	cd2_ass_-n	ass	-n	1	14_cd2_ct04	ct04	6	6	2	2	6	6	6	6	6	6	6	2	6	6	6	6
481	cd2_ass_-n	ass	-n	1	42_cd2_ct11	ct11	6	6	2	2	6	6	6	6	6	6	6	2	6	6	6	6
481	cd3_com_+n	com	+n	6	7_cd3_ct02	ct02	6	6	2	2	6	6	6	6	6	6	6	2	6	6	6	6
481	cd3_com_+n	com	+n	6	35_cd3_ct09	ct09	6	6	2	2	6	6	6	6	6	6	6	2	6	6	6	6
481	cd4_com_-n	com	-n	6	28_cd4_ct07	ct07	6	6	2	2	6	6	6	6	6	6	6	2	6	6	6	6
481	cd4_com_-n	com	-n	6	64_cd4_ct16	ct16	6	6	2	2	6	6	6	6	6	6	6	2	6	6	6	6
490	cd1_ass_+n	ass	+n	1	17_cd1_ct05	ct05	3	4	1	1	6	6	6	6	4	5	5	5	5	5	5	1
490	cd1_ass_+n	ass	+n	1	53_cd1_ct14	ct14	3	4	1	1	6	6	6	6	4	5	5	5	5	5	5	1
490	cd2_ass_-n	ass	-n	1	10_cd2_ct03	ct03	3	4	1	1	6	6	6	6	4	5	5	5	5	5	5	1
490	cd2_ass_-n	ass	-n	1	46_cd2_ct12	ct12	3	4	1	1	6	6	6	6	4	5	5	5	5	5	5	1
490	cd3_com_+n	com	+n	5	3_cd3_ct01	ct01	3	4	1	1	6	6	6	6	4	5	5	5	5	5	5	1
490	cd3_com_+n	com	+n	1	39_cd3_ct10	ct10	3	4	1	1	6	6	6	6	4	5	5	5	5	5	5	1
490	cd4_com_-n	com	-n	3	32_cd4_ct08	ct08	3	4	1	1	6	6	6	6	4	5	5	5	5	5	5	1
490	cd4_com_-n	com	-n	5	60_cd4_ct15	ct15	3	4	1	1	6	6	6	6	4	5	5	5	5	5	5	1
496	cd1_ass_+n	ass	+n	2	17_cd1_ct05	ct05	2	3	1	1	6	6	6	6	6	6	6	1	5	6	4	3
496	cd1_ass_+n	ass	+n	1	53_cd1_ct14	ct14	2	3	1	1	6	6	6	6	6	6	6	1	5	6	4	3
496	cd2_ass_-n	ass	-n	3	10_cd2_ct03	ct03	2	3	1	1	6	6	6	6	6	6	6	1	5	6	4	3
496	cd2_ass_-n	ass	-n	1	46_cd2_ct12	ct12	2	3	1	1	6	6	6	6	6	6	6	1	5	6	4	3
496	cd3_com_+n	com	+n	6	3_cd3_ct01	ct01	2	3	1	1	6	6	6	6	6	6	6	1	5	6	4	3
496	cd3_com_+n	com	+n	6	39_cd3_ct10	ct10	2	3	1	1	6	6	6	6	6	6	6	1	5	6	4	3
496	cd4_com_-n	com	-n	6	32_cd4_ct08	ct08	2	3	1	1	6	6	6	6	6	6	6	1	5	6	4	3
496	cd4_com_-n	com	-n	5	60_cd4_ct15	ct15	2	3	1	1	6	6	6	6	6	6	6	1	5	6	4	3
509	cd1_ass_+n	ass	+n	5	9_cd1_ct03	ct03	1	3	1	1	6	5	5	3	3	3	5	5	5	4	5	4
509	cd1_ass_+n	ass	+n	5	45_cd1_ct12	ct12	1	3	1	1	6	5	5	3	3	3	5	5	5	4	5	4
509	cd2_ass_-n	ass	-n	5	2_cd2_ct01	ct01	1	3	1	1	6	5	5	3	3	3	5	5	5	4	5	4
509	cd2_ass_-n	ass	-n	4	38_cd2_ct10	ct10	1	3	1	1	6	5	5	3	3	3	5	5	5	4	5	4
509	cd3_com_+n	com	+n	3	31_cd3_ct08	ct08	1	3	1	1	6	5	5	3	3	3	5	5	5	4	5	4
509	cd3_com_+n	com	+n	5	59_cd3_ct15	ct15	1	3	1	1	6	5	5	3	3	3	5	5	5	4	5	4
509	cd4_com_-n	com	-n	4	24_cd4_ct06	ct06	1	3	1	1	6	5	5	3	3	3	5	5	5	4	5	4
509	cd4_com_-n	com	-n	5	52_cd4_ct13	ct13	1	3	1	1	6	5	5	3	3	3	5	5	5	4	5	4
510	cd1_ass_+n	ass	+n	1	17_cd1_ct05	ct05	1	1	1	1	6	6	5	6	5	3	1	2	1	1	2	2
510	cd1_ass_+n	ass	+n	1	53_cd1_ct14	ct14	1	1	1	1	6	6	5	6	5	3	1	2	1	1	2	2
510	cd2_ass_-n	ass	-n	1	10_cd2_ct03	ct03	1	1	1	1	6	6	5	6	5	3	1	2	1	1	2	2
510	cd2_ass_-n	ass	-n	3	46_cd2_ct12	ct12	1	1	1	1	6	6	5	6	5	3	1	2	1	1	2	2
510	cd3_com_+n	com	+n	2	3_cd3_ct01	ct01	1	1	1	1	6	6	5	6	5	3	1	2	1	1	2	2
510	cd3_com_+n	com	+n	1	39_cd3_ct10	ct10	1	1	1	1	6	6	5	6	5	3	1	2	1	1	2	2
510	cd4_com_-n	com	-n	2	32_cd4_ct08	ct08	1	1	1	1	6	6	5	6	5	3	1	2	1	1	2	2
510	cd4_com_-n	com	-n	2	60_cd4_ct15	ct15	1	1	1	1	6	6	5	6	5	3	1	2	1	1	2	2
512	cd1_ass_+n	ass	+n	1	21_cd1_ct06	ct06	1	5	1	1	6	6	6	6	6	4	6	5	4	6	4	3
512	cd1_ass_+n	ass	+n	1	49_cd1_ct13	ct13	1	5	1	1	6	6	6	6	6	4	6	5	4	6	4	3
512	cd2_ass_-n	ass	-n	2	14_cd2_ct04	ct04	1	5	1	1	6	6	6	6	6	4	6	5	4	6	4	3
512	cd2_ass_-n	ass	-n	1	42_cd2_ct11	ct11	1	5	1	1	6	6	6	6	6	4	6	5	4	6	4	3
512	cd3_com_+n	com	+n	4	7_cd3_ct02	ct02	1	5	1	1	6	6	6	6	6	4	6	5	4	6	4	3
512	cd3_com_+n	com	+n	5	35_cd3_ct09	ct09	1	5	1	1	6	6	6	6	6	4	6	5	4	6	4	3
512	cd4_com_-n	com	-n	2	28_cd4_ct07	ct07	1	5	1	1	6	6	6	6	6	4	6	5	4	6	4	3
512	cd4_com_-n	com	-n	1	64_cd4_ct16	ct16	1	5	1	1	6	6	6	6	6	4	6	5	4	6	4	3
519	cd1_ass_+n	ass	+n	2	1_cd1_ct01	ct01	5	6	6	6	6	6	4	6	6	6	6	1	6	1	6	6
519	cd1_ass_+n	ass	+n	2	37_cd1_ct10	ct10	5	6	6	6	6	6	4	6	6	6	6	1	6	1	6	6
519	cd2_ass_-n	ass	-n	2	30_cd2_ct08	ct08	5	6	6	6	6	6	4	6	6	6	6	1	6	1	6	6
519	cd2_ass_-n	ass	-n	2	58_cd2_ct15	ct15	5	6	6	6	6	6	4	6	6	6	6	1	6	1	6	6
519	cd3_com_+n	com	+n	6	23_cd3_ct06	ct06	5	6	6	6	6	6	4	6	6	6	6	1	6	1	6	6
519	cd3_com_+n	com	+n	6	51_cd3_ct13	ct13	5	6	6	6	6	6	4	6	6	6	6	1	6	1	6	6
519	cd4_com_-n	com	-n	6	16_cd4_ct04	ct04	5	6	6	6	6	6	4	6	6	6	6	1	6	1	6	6
519	cd4_com_-n	com	-n	6	44_cd4_ct11	ct11	5	6	6	6	6	6	4	6	6	6	6	1	6	1	6	6
521	cd1_ass_+n	ass	+n	1	5_cd1_ct02	ct02	1	1	1	1	6	6	6	6	6	6	6	4	6	4	6	6
521	cd1_ass_+n	ass	+n	1	33_cd1_ct09	ct09	1	1	1	1	6	6	6	6	6	6	6	4	6	4	6	6
521	cd2_ass_-n	ass	-n	1	26_cd2_ct07	ct07	1	1	1	1	6	6	6	6	6	6	6	4	6	4	6	6
521	cd2_ass_-n	ass	-n	1	62_cd2_ct16	ct16	1	1	1	1	6	6	6	6	6	6	6	4	6	4	6	6
521	cd3_com_+n	com	+n	1	19_cd3_ct05	ct05	1	1	1	1	6	6	6	6	6	6	6	4	6	4	6	6
521	cd3_com_+n	com	+n	1	55_cd3_ct14	ct14	1	1	1	1	6	6	6	6	6	6	6	4	6	4	6	6
521	cd4_com_-n	com	-n	1	12_cd4_ct03	ct03	1	1	1	1	6	6	6	6	6	6	6	4	6	4	6	6
521	cd4_com_-n	com	-n	1	48_cd4_ct12	ct12	1	1	1	1	6	6	6	6	6	6	6	4	6	4	6	6
522	cd1_ass_+n	ass	+n	1	5_cd1_ct02	ct02	1	1	1	1	1	6	1	1	6	6	6	1	6	1	6	6
522	cd1_ass_+n	ass	+n	1	33_cd1_ct09	ct09	1	1	1	1	1	6	1	1	6	6	6	1	6	1	6	6
522	cd2_ass_-n	ass	-n	1	26_cd2_ct07	ct07	1	1	1	1	1	6	1	1	6	6	6	1	6	1	6	6
522	cd2_ass_-n	ass	-n	1	62_cd2_ct16	ct16	1	1	1	1	1	6	1	1	6	6	6	1	6	1	6	6
522	cd3_com_+n	com	+n	6	19_cd3_ct05	ct05	1	1	1	1	1	6	1	1	6	6	6	1	6	1	6	6
522	cd3_com_+n	com	+n	6	55_cd3_ct14	ct14	1	1	1	1	1	6	1	1	6	6	6	1	6	1	6	6
522	cd4_com_-n	com	-n	6	12_cd4_ct03	ct03	1	1	1	1	1	6	1	1	6	6	6	1	6	1	6	6
522	cd4_com_-n	com	-n	6	48_cd4_ct12	ct12	1	1	1	1	1	6	1	1	6	6	6	1	6	1	6	6
524	cd1_ass_+n	ass	+n	1	13_cd1_ct04	ct04	1	1	1	1	6	6	5	6	6	4	6	6	4	5	6	6
524	cd1_ass_+n	ass	+n	1	41_cd1_ct11	ct11	1	1	1	1	6	6	5	6	6	4	6	6	4	5	6	6
524	cd2_ass_-n	ass	-n	1	6_cd2_ct02	ct02	1	1	1	1	6	6	5	6	6	4	6	6	4	5	6	6
524	cd2_ass_-n	ass	-n	5	34_cd2_ct09	ct09	1	1	1	1	6	6	5	6	6	4	6	6	4	5	6	6
524	cd3_com_+n	com	+n	5	27_cd3_ct07	ct07	1	1	1	1	6	6	5	6	6	4	6	6	4	5	6	6
524	cd3_com_+n	com	+n	4	63_cd3_ct16	ct16	1	1	1	1	6	6	5	6	6	4	6	6	4	5	6	6
524	cd4_com_-n	com	-n	6	20_cd4_ct05	ct05	1	1	1	1	6	6	5	6	6	4	6	6	4	5	6	6
524	cd4_com_-n	com	-n	6	56_cd4_ct14	ct14	1	1	1	1	6	6	5	6	6	4	6	6	4	5	6	6
538	cd1_ass_+n	ass	+n	1	1_cd1_ct01	ct01	1	1	1	1	6	6	6	2	5	6	6	6	6	6	6	6
538	cd1_ass_+n	ass	+n	1	37_cd1_ct10	ct10	1	1	1	1	6	6	6	2	5	6	6	6	6	6	6	6
538	cd2_ass_-n	ass	-n	1	30_cd2_ct08	ct08	1	1	1	1	6	6	6	2	5	6	6	6	6	6	6	6
538	cd2_ass_-n	ass	-n	1	58_cd2_ct15	ct15	1	1	1	1	6	6	6	2	5	6	6	6	6	6	6	6
538	cd3_com_+n	com	+n	6	23_cd3_ct06	ct06	1	1	1	1	6	6	6	2	5	6	6	6	6	6	6	6
538	cd3_com_+n	com	+n	6	51_cd3_ct13	ct13	1	1	1	1	6	6	6	2	5	6	6	6	6	6	6	6
538	cd4_com_-n	com	-n	6	16_cd4_ct04	ct04	1	1	1	1	6	6	6	2	5	6	6	6	6	6	6	6
538	cd4_com_-n	com	-n	6	44_cd4_ct11	ct11	1	1	1	1	6	6	6	2	5	6	6	6	6	6	6	6
547	cd1_ass_+n	ass	+n	4	21_cd1_ct06	ct06	1	1	4	4	6	6	1	6	1	6	6	2	6	5	3	3
547	cd1_ass_+n	ass	+n	1	49_cd1_ct13	ct13	1	1	4	4	6	6	1	6	1	6	6	2	6	5	3	3
547	cd2_ass_-n	ass	-n	6	14_cd2_ct04	ct04	1	1	4	4	6	6	1	6	1	6	6	2	6	5	3	3
547	cd2_ass_-n	ass	-n	5	42_cd2_ct11	ct11	1	1	4	4	6	6	1	6	1	6	6	2	6	5	3	3
547	cd3_com_+n	com	+n	3	7_cd3_ct02	ct02	1	1	4	4	6	6	1	6	1	6	6	2	6	5	3	3
547	cd3_com_+n	com	+n	6	35_cd3_ct09	ct09	1	1	4	4	6	6	1	6	1	6	6	2	6	5	3	3
547	cd4_com_-n	com	-n	5	28_cd4_ct07	ct07	1	1	4	4	6	6	1	6	1	6	6	2	6	5	3	3
547	cd4_com_-n	com	-n	2	64_cd4_ct16	ct16	1	1	4	4	6	6	1	6	1	6	6	2	6	5	3	3
551	cd1_ass_+n	ass	+n	5	9_cd1_ct03	ct03	3	2	2	2	5	6	5	5	5	6	5	3	5	3	5	5
551	cd1_ass_+n	ass	+n	2	45_cd1_ct12	ct12	3	2	2	2	5	6	5	5	5	6	5	3	5	3	5	5
551	cd2_ass_-n	ass	-n	2	2_cd2_ct01	ct01	3	2	2	2	5	6	5	5	5	6	5	3	5	3	5	5
551	cd2_ass_-n	ass	-n	2	38_cd2_ct10	ct10	3	2	2	2	5	6	5	5	5	6	5	3	5	3	5	5
551	cd3_com_+n	com	+n	5	31_cd3_ct08	ct08	3	2	2	2	5	6	5	5	5	6	5	3	5	3	5	5
551	cd3_com_+n	com	+n	5	59_cd3_ct15	ct15	3	2	2	2	5	6	5	5	5	6	5	3	5	3	5	5
551	cd4_com_-n	com	-n	5	24_cd4_ct06	ct06	3	2	2	2	5	6	5	5	5	6	5	3	5	3	5	5
551	cd4_com_-n	com	-n	5	52_cd4_ct13	ct13	3	2	2	2	5	6	5	5	5	6	5	3	5	3	5	5
558	cd1_ass_+n	ass	+n	2	29_cd1_ct08	ct08	1	1	2	1	6	6	5	5	6	5	6	5	6	5	6	5
558	cd1_ass_+n	ass	+n	2	57_cd1_ct15	ct15	1	1	2	1	6	6	5	5	6	5	6	5	6	5	6	5
558	cd2_ass_-n	ass	-n	2	22_cd2_ct06	ct06	1	1	2	1	6	6	5	5	6	5	6	5	6	5	6	5
558	cd2_ass_-n	ass	-n	2	50_cd2_ct13	ct13	1	1	2	1	6	6	5	5	6	5	6	5	6	5	6	5
558	cd3_com_+n	com	+n	5	15_cd3_ct04	ct04	1	1	2	1	6	6	5	5	6	5	6	5	6	5	6	5
558	cd3_com_+n	com	+n	5	43_cd3_ct11	ct11	1	1	2	1	6	6	5	5	6	5	6	5	6	5	6	5
558	cd4_com_-n	com	-n	6	8_cd4_ct02	ct02	1	1	2	1	6	6	5	5	6	5	6	5	6	5	6	5
558	cd4_com_-n	com	-n	5	36_cd4_ct09	ct09	1	1	2	1	6	6	5	5	6	5	6	5	6	5	6	5
561	cd1_ass_+n	ass	+n	1	25_cd1_ct07	ct07	1	1	1	1	6	6	6	3	6	3	2	6	6	5	6	6
561	cd1_ass_+n	ass	+n	1	61_cd1_ct16	ct16	1	1	1	1	6	6	6	3	6	3	2	6	6	5	6	6
561	cd2_ass_-n	ass	-n	1	18_cd2_ct05	ct05	1	1	1	1	6	6	6	3	6	3	2	6	6	5	6	6
561	cd2_ass_-n	ass	-n	1	54_cd2_ct14	ct14	1	1	1	1	6	6	6	3	6	3	2	6	6	5	6	6
561	cd3_com_+n	com	+n	3	11_cd3_ct03	ct03	1	1	1	1	6	6	6	3	6	3	2	6	6	5	6	6
561	cd3_com_+n	com	+n	4	47_cd3_ct12	ct12	1	1	1	1	6	6	6	3	6	3	2	6	6	5	6	6
561	cd4_com_-n	com	-n	3	4_cd4_ct01	ct01	1	1	1	1	6	6	6	3	6	3	2	6	6	5	6	6
561	cd4_com_-n	com	-n	5	40_cd4_ct10	ct10	1	1	1	1	6	6	6	3	6	3	2	6	6	5	6	6
590	cd1_ass_+n	ass	+n	2	9_cd1_ct03	ct03	1	2	1	1	6	6	5	4	4	3	5	4	5	4	4	4
590	cd1_ass_+n	ass	+n	4	45_cd1_ct12	ct12	1	2	1	1	6	6	5	4	4	3	5	4	5	4	4	4
590	cd2_ass_-n	ass	-n	1	2_cd2_ct01	ct01	1	2	1	1	6	6	5	4	4	3	5	4	5	4	4	4
590	cd2_ass_-n	ass	-n	1	38_cd2_ct10	ct10	1	2	1	1	6	6	5	4	4	3	5	4	5	4	4	4
590	cd3_com_+n	com	+n	5	31_cd3_ct08	ct08	1	2	1	1	6	6	5	4	4	3	5	4	5	4	4	4
590	cd3_com_+n	com	+n	3	59_cd3_ct15	ct15	1	2	1	1	6	6	5	4	4	3	5	4	5	4	4	4
590	cd4_com_-n	com	-n	3	24_cd4_ct06	ct06	1	2	1	1	6	6	5	4	4	3	5	4	5	4	4	4
590	cd4_com_-n	com	-n	2	52_cd4_ct13	ct13	1	2	1	1	6	6	5	4	4	3	5	4	5	4	4	4
619	cd1_ass_+n	ass	+n	2	21_cd1_ct06	ct06	1	2	2	5	6	5	6	6	6	2	6	6	5	3	6	6
619	cd1_ass_+n	ass	+n	2	49_cd1_ct13	ct13	1	2	2	5	6	5	6	6	6	2	6	6	5	3	6	6
619	cd2_ass_-n	ass	-n	2	14_cd2_ct04	ct04	1	2	2	5	6	5	6	6	6	2	6	6	5	3	6	6
619	cd2_ass_-n	ass	-n	2	42_cd2_ct11	ct11	1	2	2	5	6	5	6	6	6	2	6	6	5	3	6	6
619	cd3_com_+n	com	+n	2	7_cd3_ct02	ct02	1	2	2	5	6	5	6	6	6	2	6	6	5	3	6	6
619	cd3_com_+n	com	+n	2	35_cd3_ct09	ct09	1	2	2	5	6	5	6	6	6	2	6	6	5	3	6	6
619	cd4_com_-n	com	-n	2	28_cd4_ct07	ct07	1	2	2	5	6	5	6	6	6	2	6	6	5	3	6	6
619	cd4_com_-n	com	-n	2	64_cd4_ct16	ct16	1	2	2	5	6	5	6	6	6	2	6	6	5	3	6	6
634	cd1_ass_+n	ass	+n	1	17_cd1_ct05	ct05	1	1	1	1	6	6	6	6	6	6	6	6	6	6	6	6
634	cd1_ass_+n	ass	+n	1	53_cd1_ct14	ct14	1	1	1	1	6	6	6	6	6	6	6	6	6	6	6	6
634	cd2_ass_-n	ass	-n	1	10_cd2_ct03	ct03	1	1	1	1	6	6	6	6	6	6	6	6	6	6	6	6
634	cd2_ass_-n	ass	-n	1	46_cd2_ct12	ct12	1	1	1	1	6	6	6	6	6	6	6	6	6	6	6	6
634	cd3_com_+n	com	+n	6	3_cd3_ct01	ct01	1	1	1	1	6	6	6	6	6	6	6	6	6	6	6	6
634	cd3_com_+n	com	+n	6	39_cd3_ct10	ct10	1	1	1	1	6	6	6	6	6	6	6	6	6	6	6	6
634	cd4_com_-n	com	-n	6	32_cd4_ct08	ct08	1	1	1	1	6	6	6	6	6	6	6	6	6	6	6	6
634	cd4_com_-n	com	-n	6	60_cd4_ct15	ct15	1	1	1	1	6	6	6	6	6	6	6	6	6	6	6	6
651	cd1_ass_+n	ass	+n	2	1_cd1_ct01	ct01	1	2	1	1	6	6	5	6	3	2	4	4	4	3	1	1
651	cd1_ass_+n	ass	+n	1	37_cd1_ct10	ct10	1	2	1	1	6	6	5	6	3	2	4	4	4	3	1	1
651	cd2_ass_-n	ass	-n	1	30_cd2_ct08	ct08	1	2	1	1	6	6	5	6	3	2	4	4	4	3	1	1
651	cd2_ass_-n	ass	-n	1	58_cd2_ct15	ct15	1	2	1	1	6	6	5	6	3	2	4	4	4	3	1	1
651	cd3_com_+n	com	+n	4	23_cd3_ct06	ct06	1	2	1	1	6	6	5	6	3	2	4	4	4	3	1	1
651	cd3_com_+n	com	+n	4	51_cd3_ct13	ct13	1	2	1	1	6	6	5	6	3	2	4	4	4	3	1	1
651	cd4_com_-n	com	-n	5	16_cd4_ct04	ct04	1	2	1	1	6	6	5	6	3	2	4	4	4	3	1	1
651	cd4_com_-n	com	-n	3	44_cd4_ct11	ct11	1	2	1	1	6	6	5	6	3	2	4	4	4	3	1	1
667	cd1_ass_+n	ass	+n	1	9_cd1_ct03	ct03	5	5	3	1	6	5	5	4	6	6	6	4	5	3	6	6
667	cd1_ass_+n	ass	+n	1	45_cd1_ct12	ct12	5	5	3	1	6	5	5	4	6	6	6	4	5	3	6	6
667	cd2_ass_-n	ass	-n	1	2_cd2_ct01	ct01	5	5	3	1	6	5	5	4	6	6	6	4	5	3	6	6
667	cd2_ass_-n	ass	-n	1	38_cd2_ct10	ct10	5	5	3	1	6	5	5	4	6	6	6	4	5	3	6	6
667	cd3_com_+n	com	+n	6	31_cd3_ct08	ct08	5	5	3	1	6	5	5	4	6	6	6	4	5	3	6	6
667	cd3_com_+n	com	+n	6	59_cd3_ct15	ct15	5	5	3	1	6	5	5	4	6	6	6	4	5	3	6	6
667	cd4_com_-n	com	-n	6	24_cd4_ct06	ct06	5	5	3	1	6	5	5	4	6	6	6	4	5	3	6	6
667	cd4_com_-n	com	-n	6	52_cd4_ct13	ct13	5	5	3	1	6	5	5	4	6	6	6	4	5	3	6	6
689	cd1_ass_+n	ass	+n	1	21_cd1_ct06	ct06	1	2	3	3	6	6	4	5	5	5	6	6	6	6	2	2
689	cd1_ass_+n	ass	+n	2	49_cd1_ct13	ct13	1	2	3	3	6	6	4	5	5	5	6	6	6	6	2	2
689	cd2_ass_-n	ass	-n	2	14_cd2_ct04	ct04	1	2	3	3	6	6	4	5	5	5	6	6	6	6	2	2
689	cd2_ass_-n	ass	-n	2	42_cd2_ct11	ct11	1	2	3	3	6	6	4	5	5	5	6	6	6	6	2	2
689	cd3_com_+n	com	+n	5	7_cd3_ct02	ct02	1	2	3	3	6	6	4	5	5	5	6	6	6	6	2	2
689	cd3_com_+n	com	+n	4	35_cd3_ct09	ct09	1	2	3	3	6	6	4	5	5	5	6	6	6	6	2	2
689	cd4_com_-n	com	-n	5	28_cd4_ct07	ct07	1	2	3	3	6	6	4	5	5	5	6	6	6	6	2	2
689	cd4_com_-n	com	-n	5	64_cd4_ct16	ct16	1	2	3	3	6	6	4	5	5	5	6	6	6	6	2	2
698	cd1_ass_+n	ass	+n	6	21_cd1_ct06	ct06	6	1	1	1	6	6	6	6	6	6	6	1	6	6	6	6
698	cd1_ass_+n	ass	+n	6	49_cd1_ct13	ct13	6	1	1	1	6	6	6	6	6	6	6	1	6	6	6	6
698	cd2_ass_-n	ass	-n	6	14_cd2_ct04	ct04	6	1	1	1	6	6	6	6	6	6	6	1	6	6	6	6
698	cd2_ass_-n	ass	-n	6	42_cd2_ct11	ct11	6	1	1	1	6	6	6	6	6	6	6	1	6	6	6	6
698	cd3_com_+n	com	+n	6	7_cd3_ct02	ct02	6	1	1	1	6	6	6	6	6	6	6	1	6	6	6	6
698	cd3_com_+n	com	+n	6	35_cd3_ct09	ct09	6	1	1	1	6	6	6	6	6	6	6	1	6	6	6	6
698	cd4_com_-n	com	-n	6	28_cd4_ct07	ct07	6	1	1	1	6	6	6	6	6	6	6	1	6	6	6	6
698	cd4_com_-n	com	-n	2	64_cd4_ct16	ct16	6	1	1	1	6	6	6	6	6	6	6	1	6	6	6	6
699	cd1_ass_+n	ass	+n	1	29_cd1_ct08	ct08	1	2	1	1	6	6	6	6	6	5	5	5	5	5	1	1
699	cd1_ass_+n	ass	+n	1	57_cd1_ct15	ct15	1	2	1	1	6	6	6	6	6	5	5	5	5	5	1	1
699	cd2_ass_-n	ass	-n	2	22_cd2_ct06	ct06	1	2	1	1	6	6	6	6	6	5	5	5	5	5	1	1
699	cd2_ass_-n	ass	-n	1	50_cd2_ct13	ct13	1	2	1	1	6	6	6	6	6	5	5	5	5	5	1	1
699	cd3_com_+n	com	+n	2	15_cd3_ct04	ct04	1	2	1	1	6	6	6	6	6	5	5	5	5	5	1	1
699	cd3_com_+n	com	+n	6	43_cd3_ct11	ct11	1	2	1	1	6	6	6	6	6	5	5	5	5	5	1	1
699	cd4_com_-n	com	-n	5	8_cd4_ct02	ct02	1	2	1	1	6	6	6	6	6	5	5	5	5	5	1	1
699	cd4_com_-n	com	-n	5	36_cd4_ct09	ct09	1	2	1	1	6	6	6	6	6	5	5	5	5	5	1	1
730	cd1_ass_+n	ass	+n	2	13_cd1_ct04	ct04	2	3	1	2	6	6	6	6	6	3	4	6	6	5	4	6
730	cd1_ass_+n	ass	+n	2	41_cd1_ct11	ct11	2	3	1	2	6	6	6	6	6	3	4	6	6	5	4	6
730	cd2_ass_-n	ass	-n	1	6_cd2_ct02	ct02	2	3	1	2	6	6	6	6	6	3	4	6	6	5	4	6
730	cd2_ass_-n	ass	-n	5	34_cd2_ct09	ct09	2	3	1	2	6	6	6	6	6	3	4	6	6	5	4	6
730	cd3_com_+n	com	+n	4	27_cd3_ct07	ct07	2	3	1	2	6	6	6	6	6	3	4	6	6	5	4	6
730	cd3_com_+n	com	+n	1	63_cd3_ct16	ct16	2	3	1	2	6	6	6	6	6	3	4	6	6	5	4	6
730	cd4_com_-n	com	-n	3	20_cd4_ct05	ct05	2	3	1	2	6	6	6	6	6	3	4	6	6	5	4	6
730	cd4_com_-n	com	-n	5	56_cd4_ct14	ct14	2	3	1	2	6	6	6	6	6	3	4	6	6	5	4	6
755	cd1_ass_+n	ass	+n	6	9_cd1_ct03	ct03	1	1	1	4	6	6	6	6	6	6	6	6	6	6	6	6
755	cd1_ass_+n	ass	+n	1	45_cd1_ct12	ct12	1	1	1	4	6	6	6	6	6	6	6	6	6	6	6	6
755	cd2_ass_-n	ass	-n	6	2_cd2_ct01	ct01	1	1	1	4	6	6	6	6	6	6	6	6	6	6	6	6
755	cd2_ass_-n	ass	-n	6	38_cd2_ct10	ct10	1	1	1	4	6	6	6	6	6	6	6	6	6	6	6	6
755	cd3_com_+n	com	+n	6	31_cd3_ct08	ct08	1	1	1	4	6	6	6	6	6	6	6	6	6	6	6	6
755	cd3_com_+n	com	+n	6	59_cd3_ct15	ct15	1	1	1	4	6	6	6	6	6	6	6	6	6	6	6	6
755	cd4_com_-n	com	-n	6	24_cd4_ct06	ct06	1	1	1	4	6	6	6	6	6	6	6	6	6	6	6	6
755	cd4_com_-n	com	-n	6	52_cd4_ct13	ct13	1	1	1	4	6	6	6	6	6	6	6	6	6	6	6	6
784	cd1_ass_+n	ass	+n	1	9_cd1_ct03	ct03	3	3	1	1	6	6	6	6	5	5	5	4	5	5	1	1
784	cd1_ass_+n	ass	+n	1	45_cd1_ct12	ct12	3	3	1	1	6	6	6	6	5	5	5	4	5	5	1	1
784	cd2_ass_-n	ass	-n	1	2_cd2_ct01	ct01	3	3	1	1	6	6	6	6	5	5	5	4	5	5	1	1
784	cd2_ass_-n	ass	-n	1	38_cd2_ct10	ct10	3	3	1	1	6	6	6	6	5	5	5	4	5	5	1	1
784	cd3_com_+n	com	+n	5	31_cd3_ct08	ct08	3	3	1	1	6	6	6	6	5	5	5	4	5	5	1	1
784	cd3_com_+n	com	+n	5	59_cd3_ct15	ct15	3	3	1	1	6	6	6	6	5	5	5	4	5	5	1	1
784	cd4_com_-n	com	-n	5	24_cd4_ct06	ct06	3	3	1	1	6	6	6	6	5	5	5	4	5	5	1	1
784	cd4_com_-n	com	-n	6	52_cd4_ct13	ct13	3	3	1	1	6	6	6	6	5	5	5	4	5	5	1	1
794	cd1_ass_+n	ass	+n	1	5_cd1_ct02	ct02	1	6	2	6	6	6	6	4	6	1	6	6	6	6	6	6
794	cd1_ass_+n	ass	+n	1	33_cd1_ct09	ct09	1	6	2	6	6	6	6	4	6	1	6	6	6	6	6	6
794	cd2_ass_-n	ass	-n	1	26_cd2_ct07	ct07	1	6	2	6	6	6	6	4	6	1	6	6	6	6	6	6
794	cd2_ass_-n	ass	-n	1	62_cd2_ct16	ct16	1	6	2	6	6	6	6	4	6	1	6	6	6	6	6	6
794	cd3_com_+n	com	+n	1	19_cd3_ct05	ct05	1	6	2	6	6	6	6	4	6	1	6	6	6	6	6	6
794	cd3_com_+n	com	+n	1	55_cd3_ct14	ct14	1	6	2	6	6	6	6	4	6	1	6	6	6	6	6	6
794	cd4_com_-n	com	-n	1	12_cd4_ct03	ct03	1	6	2	6	6	6	6	4	6	1	6	6	6	6	6	6
794	cd4_com_-n	com	-n	6	48_cd4_ct12	ct12	1	6	2	6	6	6	6	4	6	1	6	6	6	6	6	6
806	cd1_ass_+n	ass	+n	3	29_cd1_ct08	ct08	1	1	1	1	6	6	6	6	6	5	6	6	4	6	6	6
806	cd1_ass_+n	ass	+n	2	57_cd1_ct15	ct15	1	1	1	1	6	6	6	6	6	5	6	6	4	6	6	6
806	cd2_ass_-n	ass	-n	3	22_cd2_ct06	ct06	1	1	1	1	6	6	6	6	6	5	6	6	4	6	6	6
806	cd2_ass_-n	ass	-n	1	50_cd2_ct13	ct13	1	1	1	1	6	6	6	6	6	5	6	6	4	6	6	6
806	cd3_com_+n	com	+n	5	15_cd3_ct04	ct04	1	1	1	1	6	6	6	6	6	5	6	6	4	6	6	6
806	cd3_com_+n	com	+n	6	43_cd3_ct11	ct11	1	1	1	1	6	6	6	6	6	5	6	6	4	6	6	6
806	cd4_com_-n	com	-n	6	8_cd4_ct02	ct02	1	1	1	1	6	6	6	6	6	5	6	6	4	6	6	6
806	cd4_com_-n	com	-n	6	36_cd4_ct09	ct09	1	1	1	1	6	6	6	6	6	5	6	6	4	6	6	6
817	cd1_ass_+n	ass	+n	6	25_cd1_ct07	ct07	5	5	1	1	6	6	4	6	6	6	6	5	5	5	6	5
817	cd1_ass_+n	ass	+n	5	61_cd1_ct16	ct16	5	5	1	1	6	6	4	6	6	6	6	5	5	5	6	5
817	cd2_ass_-n	ass	-n	3	18_cd2_ct05	ct05	5	5	1	1	6	6	4	6	6	6	6	5	5	5	6	5
817	cd2_ass_-n	ass	-n	5	54_cd2_ct14	ct14	5	5	1	1	6	6	4	6	6	6	6	5	5	5	6	5
817	cd3_com_+n	com	+n	5	11_cd3_ct03	ct03	5	5	1	1	6	6	4	6	6	6	6	5	5	5	6	5
817	cd3_com_+n	com	+n	6	47_cd3_ct12	ct12	5	5	1	1	6	6	4	6	6	6	6	5	5	5	6	5
817	cd4_com_-n	com	-n	5	4_cd4_ct01	ct01	5	5	1	1	6	6	4	6	6	6	6	5	5	5	6	5
817	cd4_com_-n	com	-n	5	40_cd4_ct10	ct10	5	5	1	1	6	6	4	6	6	6	6	5	5	5	6	5
828	cd1_ass_+n	ass	+n	1	25_cd1_ct07	ct07	1	1	1	1	5	5	5	5	5	4	5	5	4	5	5	5
828	cd1_ass_+n	ass	+n	1	61_cd1_ct16	ct16	1	1	1	1	5	5	5	5	5	4	5	5	4	5	5	5
828	cd2_ass_-n	ass	-n	1	18_cd2_ct05	ct05	1	1	1	1	5	5	5	5	5	4	5	5	4	5	5	5
828	cd2_ass_-n	ass	-n	1	54_cd2_ct14	ct14	1	1	1	1	5	5	5	5	5	4	5	5	4	5	5	5
828	cd3_com_+n	com	+n	3	11_cd3_ct03	ct03	1	1	1	1	5	5	5	5	5	4	5	5	4	5	5	5
828	cd3_com_+n	com	+n	5	47_cd3_ct12	ct12	1	1	1	1	5	5	5	5	5	4	5	5	4	5	5	5
828	cd4_com_-n	com	-n	5	4_cd4_ct01	ct01	1	1	1	1	5	5	5	5	5	4	5	5	4	5	5	5
828	cd4_com_-n	com	-n	4	40_cd4_ct10	ct10	1	1	1	1	5	5	5	5	5	4	5	5	4	5	5	5
842	cd1_ass_+n	ass	+n	1	25_cd1_ct07	ct07	1	1	1	1	6	6	6	6	5	5	6	6	6	5	2	5
842	cd1_ass_+n	ass	+n	1	61_cd1_ct16	ct16	1	1	1	1	6	6	6	6	5	5	6	6	6	5	2	5
842	cd2_ass_-n	ass	-n	1	18_cd2_ct05	ct05	1	1	1	1	6	6	6	6	5	5	6	6	6	5	2	5
842	cd2_ass_-n	ass	-n	2	54_cd2_ct14	ct14	1	1	1	1	6	6	6	6	5	5	6	6	6	5	2	5
842	cd3_com_+n	com	+n	4	11_cd3_ct03	ct03	1	1	1	1	6	6	6	6	5	5	6	6	6	5	2	5
842	cd3_com_+n	com	+n	5	47_cd3_ct12	ct12	1	1	1	1	6	6	6	6	5	5	6	6	6	5	2	5
842	cd4_com_-n	com	-n	2	4_cd4_ct01	ct01	1	1	1	1	6	6	6	6	5	5	6	6	6	5	2	5
842	cd4_com_-n	com	-n	2	40_cd4_ct10	ct10	1	1	1	1	6	6	6	6	5	5	6	6	6	5	2	5
849	cd1_ass_+n	ass	+n	3	29_cd1_ct08	ct08	1	1	5	5	5	5	5	6	6	6	6	2	2	2	5	5
849	cd1_ass_+n	ass	+n	5	57_cd1_ct15	ct15	1	1	5	5	5	5	5	6	6	6	6	2	2	2	5	5
849	cd2_ass_-n	ass	-n	1	22_cd2_ct06	ct06	1	1	5	5	5	5	5	6	6	6	6	2	2	2	5	5
849	cd2_ass_-n	ass	-n	1	50_cd2_ct13	ct13	1	1	5	5	5	5	5	6	6	6	6	2	2	2	5	5
849	cd3_com_+n	com	+n	2	15_cd3_ct04	ct04	1	1	5	5	5	5	5	6	6	6	6	2	2	2	5	5
849	cd3_com_+n	com	+n	4	43_cd3_ct11	ct11	1	1	5	5	5	5	5	6	6	6	6	2	2	2	5	5
849	cd4_com_-n	com	-n	2	8_cd4_ct02	ct02	1	1	5	5	5	5	5	6	6	6	6	2	2	2	5	5
849	cd4_com_-n	com	-n	5	36_cd4_ct09	ct09	1	1	5	5	5	5	5	6	6	6	6	2	2	2	5	5
852	cd1_ass_+n	ass	+n	1	21_cd1_ct06	ct06	6	6	1	1	6	6	6	6	6	6	6	6	6	1	6	6
852	cd1_ass_+n	ass	+n	1	49_cd1_ct13	ct13	6	6	1	1	6	6	6	6	6	6	6	6	6	1	6	6
852	cd2_ass_-n	ass	-n	6	14_cd2_ct04	ct04	6	6	1	1	6	6	6	6	6	6	6	6	6	1	6	6
852	cd2_ass_-n	ass	-n	1	42_cd2_ct11	ct11	6	6	1	1	6	6	6	6	6	6	6	6	6	1	6	6
852	cd3_com_+n	com	+n	6	7_cd3_ct02	ct02	6	6	1	1	6	6	6	6	6	6	6	6	6	1	6	6
852	cd3_com_+n	com	+n	6	35_cd3_ct09	ct09	6	6	1	1	6	6	6	6	6	6	6	6	6	1	6	6
852	cd4_com_-n	com	-n	6	28_cd4_ct07	ct07	6	6	1	1	6	6	6	6	6	6	6	6	6	1	6	6
852	cd4_com_-n	com	-n	6	64_cd4_ct16	ct16	6	6	1	1	6	6	6	6	6	6	6	6	6	1	6	6
856	cd1_ass_+n	ass	+n	1	9_cd1_ct03	ct03	1	1	1	1	6	2	4	3	6	6	6	6	4	6	1	1
856	cd1_ass_+n	ass	+n	1	45_cd1_ct12	ct12	1	1	1	1	6	2	4	3	6	6	6	6	4	6	1	1
856	cd2_ass_-n	ass	-n	1	2_cd2_ct01	ct01	1	1	1	1	6	2	4	3	6	6	6	6	4	6	1	1
856	cd2_ass_-n	ass	-n	1	38_cd2_ct10	ct10	1	1	1	1	6	2	4	3	6	6	6	6	4	6	1	1
856	cd3_com_+n	com	+n	6	31_cd3_ct08	ct08	1	1	1	1	6	2	4	3	6	6	6	6	4	6	1	1
856	cd3_com_+n	com	+n	6	59_cd3_ct15	ct15	1	1	1	1	6	2	4	3	6	6	6	6	4	6	1	1
856	cd4_com_-n	com	-n	6	24_cd4_ct06	ct06	1	1	1	1	6	2	4	3	6	6	6	6	4	6	1	1
856	cd4_com_-n	com	-n	6	52_cd4_ct13	ct13	1	1	1	1	6	2	4	3	6	6	6	6	4	6	1	1
